full_sample_id,timepoint,date,species,month,site,file.name,series,histo company,scale,units,sex,stage,length,width,total gametes,Notes,
AST-1237-TP0,TP0,,Astrangia poculata,,,,,,,,,,,,,,
AST-2024-TP0,TP0,2/25/21,Astrangia poculata,Feburary,,AST-2024-TP0.vsi,14,PP,3.6547,microns,female,1,16.474,8.963,50,,
AST-2024-TP0,TP0,2/25/21,Astrangia poculata,Feburary,,AST-2024-TP0.vsi,14,PP,3.6547,microns,female,1,10.952,7.182,50,,
AST-2024-TP0,TP0,2/25/21,Astrangia poculata,Feburary,,AST-2024-TP0.vsi,14,PP,3.6547,microns,female,1,7.897,5.045,50,,
AST-2024-TP0,TP0,2/25/21,Astrangia poculata,Feburary,,AST-2024-TP0.vsi,14,PP,3.6547,microns,female,2,22.853,15.449,50,,
AST-2024-TP0,TP0,2/25/21,Astrangia poculata,Feburary,,AST-2024-TP0.vsi,14,PP,3.6547,microns,female,2,20.926,15.178,50,,
AST-2024-TP0,TP0,2/25/21,Astrangia poculata,Feburary,,AST-2024-TP0.vsi,14,PP,3.6547,microns,female,2,34.142,19.868,50,,
AST-2024-TP0,TP0,2/25/21,Astrangia poculata,Feburary,,AST-2024-TP0.vsi,14,PP,3.6547,microns,female,3,47.491,28.15,50,,
AST-2024-TP0,TP0,2/25/21,Astrangia poculata,Feburary,,AST-2024-TP0.vsi,14,PP,3.6547,microns,female,3,42.811,33.685,50,,
AST-2024-TP0,TP0,2/25/21,Astrangia poculata,Feburary,,AST-2024-TP0.vsi,14,PP,3.6547,microns,female,3,37.437,30.271,50,,
AST-1479-TP0,TP0,2/25/21,Astrangia poculata,Feburary,FW,AST-1479-TP0.vsi,14,PP,3.6547,microns,female,1,12.145,8.135,50,"NOT in jill experimental design notebook, Must be AST-1479, previous name was AST-1476-TP0",
AST-1479-TP0,TP0,2/25/21,Astrangia poculata,Feburary,FW,AST-1479-TP0.vsi,14,PP,3.6547,microns,female,1,7.935,7.119,50,,
AST-1479-TP0,TP0,2/25/21,Astrangia poculata,Feburary,FW,AST-1479-TP0.vsi,14,PP,3.6547,microns,female,1,17.333,9.557,50,,
AST-1479-TP0,TP0,2/25/21,Astrangia poculata,Feburary,FW,AST-1479-TP0.vsi,14,PP,3.6547,microns,female,2,32.274,16.013,50,,
AST-1479-TP0,TP0,2/25/21,Astrangia poculata,Feburary,FW,AST-1479-TP0.vsi,14,PP,3.6547,microns,female,2,28.938,18.449,50,,
AST-1479-TP0,TP0,2/25/21,Astrangia poculata,Feburary,FW,AST-1479-TP0.vsi,14,PP,3.6547,microns,female,2,30.144,16.208,50,,
AST-2751-TP0,TP0,2/25/21,Astrangia poculata,Feburary,,AST-2751-TP0.vsi,14,PP,3.6547,microns,female,1,17.316,13.954,24,,
AST-2751-TP0,TP0,2/25/21,Astrangia poculata,Feburary,,AST-2751-TP0.vsi,14,PP,3.6547,microns,female,1,13.76,10.703,24,,
AST-2751-TP0,TP0,2/25/21,Astrangia poculata,Feburary,,AST-2751-TP0.vsi,14,PP,3.6547,microns,female,1,15.422,11.839,24,,
AST-2751-TP0,TP0,2/25/21,Astrangia poculata,Feburary,,AST-2751-TP0.vsi,14,PP,3.6547,microns,female,2,51.524,28.054,24,,
AST-2751-TP0,TP0,2/25/21,Astrangia poculata,Feburary,,AST-2751-TP0.vsi,14,PP,3.6547,microns,female,2,35.449,21.024,24,,
AST-2751-TP0,TP0,2/25/21,Astrangia poculata,Feburary,,AST-2751-TP0.vsi,14,PP,3.6547,microns,female,2,38.893,21.024,24,,
AST-2751-TP0,TP0,2/25/21,Astrangia poculata,Feburary,,AST-2751-TP0.vsi,14,PP,3.6547,microns,female,3,61.761,54.511,24,,
AST-2004-TP0,TP0,2/25/21,Astrangia poculata,Feburary,,AST-2001-TP0.vsi,14,PP,3.6547,microns,NA,0,0,0,0,Mislabelled,
AST-2305-TP0,TP0,2/25/21,Astrangia poculata,Feburary,,AST-2305-TP0.vsi,14,PP,3.6547,microns,female,1,16.52,7.034,50,,
AST-2305-TP0,TP0,2/25/21,Astrangia poculata,Feburary,,AST-2305-TP0.vsi,14,PP,3.6547,microns,female,1,13.815,10.303,50,,
AST-2305-TP0,TP0,2/25/21,Astrangia poculata,Feburary,,AST-2305-TP0.vsi,14,PP,3.6547,microns,female,1,15.599,12.252,50,,
AST-2305-TP0,TP0,2/25/21,Astrangia poculata,Feburary,,AST-2305-TP0.vsi,14,PP,3.6547,microns,female,2,29.743,26.699,50,,
AST-2305-TP0,TP0,2/25/21,Astrangia poculata,Feburary,,AST-2305-TP0.vsi,14,PP,3.6547,microns,female,2,46.665,31.418,50,,
AST-2305-TP0,TP0,2/25/21,Astrangia poculata,Feburary,,AST-2305-TP0.vsi,14,PP,3.6547,microns,female,2,45.945,28.553,50,,
AST-2868,NA,NA,NA,NA,NA,NA,NA,NA,NA,NA,NA,NA,NA,NA,NA,NA,NA
AST-1069-TP0,TP0,2/25/21,Astrangia poculata,Feburary,,Image_01.vsi,14,PP,3.6547,microns,NA,,,,,,
AST-1042-TP2,TP2,4/2/21,Astrangia poculata,April,,AST-1642-TP2.vsi,14,PP,3.6547,microns,NA,NA,0,0,0,,
AST-1461-TP2,TP2,4/2/21,Astrangia poculata,April,FW,AST-1461-TP2.vsi,14,PP,3.6547,microns,male,1,20.687,17.622,17,,
AST-1461-TP2,TP2,4/2/21,Astrangia poculata,April,FW,AST-1461-TP2.vsi,14,PP,3.6547,microns,male,1,26.719,15.68,17,,
AST-1461-TP2,TP2,4/2/21,Astrangia poculata,April,FW,AST-1461-TP2.vsi,14,PP,3.6547,microns,male,1,24.626,16.169,17,,
AST-1533-TP2,TP2,4/2/21,Astrangia poculata,April,,AST-1533-TP2.vsi,14,PP,3.6547,microns,male,1,22.026,13.681,50,,
AST-1533-TP2,TP2,4/2/21,Astrangia poculata,April,,AST-1533-TP2.vsi,14,PP,3.6547,microns,male,1,18.191,15.42,50,,
AST-1533-TP2,TP2,4/2/21,Astrangia poculata,April,,AST-1533-TP2.vsi,14,PP,3.6547,microns,male,1,16.426,11.081,50,,
AST-1533-TP2,TP2,4/2/21,Astrangia poculata,April,,AST-1533-TP2.vsi,14,PP,3.6547,microns,male,2,28.447,21.339,50,,
AST-1533-TP2,TP2,4/2/21,Astrangia poculata,April,,AST-1533-TP2.vsi,14,PP,3.6547,microns,male,2,28.567,24.218,50,,
AST-1533-TP2,TP2,4/2/21,Astrangia poculata,April,,AST-1533-TP2.vsi,14,PP,3.6547,microns,male,2,27.287,24.953,50,,
AST-2979-TP2,TP2,4/2/21,Astrangia poculata,April,FW,Image_AST_2979_2.vsi,20,NOVA,3.6547,microns,NA,0,0,0,0,,
AST-1085-TP2,TP2,4/2/21,Astrangia poculata,April,FW,AST-1085-TP2.vsi14,,PP,3.6547,microns,female,1,12.728,10.046,50,,
AST-1085-TP2,TP2,4/2/21,Astrangia poculata,April,FW,AST-1085-TP2.vsi14,,PP,3.6547,microns,female,1,11.505,9.303,50,,
AST-1085-TP2,TP2,4/2/21,Astrangia poculata,April,FW,AST-1085-TP2.vsi14,,PP,3.6547,microns,female,1,11.544,11.08,50,,
AST-1576-TP2,TP2,4/2/21,Astrangia poculata,April,FW,Image_AST_1576_1.vsi,20,NOVA,3.6547,microns,NA,0,0,0,0,,
AST-2202-TP2,TP2,4/2/21,Astrangia poculata,April,FW,Image_AST_2202.vsi,14,NOVA,7.3049,microns,male,1,12.454,7.553,6,,
AST-2202-TP2,TP2,4/2/21,Astrangia poculata,April,FW,Image_AST_2202.vsi,14,NOVA,7.3049,microns,male,1,11.515,8.355,6,,
AST-2202-TP2,TP2,4/2/21,Astrangia poculata,April,FW,Image_AST_2202.vsi,14,NOVA,7.3049,microns,male,1,13.67,9.722,6,,
AST-2757-TP2,TP2,4/2/21,Astrangia poculata,April,FW,Image_AST_2757_1.vsi,14,NOVA,3.6547,microns,female,2,33.594,17.047,50,,
AST-2757-TP2,TP2,4/2/21,Astrangia poculata,April,FW,Image_AST_2757_1.vsi,14,NOVA,3.6547,microns,female,2,39.44,28.478,50,,
AST-2757-TP2,TP2,4/2/21,Astrangia poculata,April,FW,Image_AST_2757_1.vsi,14,NOVA,3.6547,microns,female,2,34.536,28.473,50,,
AST-2757-TP2,TP2,4/2/21,Astrangia poculata,April,FW,Image_AST_2757_1.vsi,14,NOVA,3.6547,microns,female,3,67.785,55.197,50,,
AST-2757-TP2,TP2,4/2/21,Astrangia poculata,April,FW,Image_AST_2757_1.vsi,14,NOVA,3.6547,microns,female,3,75.353,46.046,50,,
AST-2757-TP2,TP2,4/2/21,Astrangia poculata,April,FW,Image_AST_2757_1.vsi,14,NOVA,3.6547,microns,female,3,66.67,58.711,50,,
AST-1311-TP2,TP2,4/2/21,Astrangia poculata,April,FW,AST-1311-TP2.vsi,14,PP,3.6547,microns,female,1,11.03,7.84,50,,
AST-1311-TP2,TP2,4/2/21,Astrangia poculata,April,FW,AST-1311-TP2.vsi,14,PP,3.6547,microns,female,1,13.632,9.85,50,,
AST-1311-TP2,TP2,4/2/21,Astrangia poculata,April,FW,AST-1311-TP2.vsi,14,PP,3.6547,microns,female,1,9.307,8.213,50,,
AST-1311-TP2,TP2,4/2/21,Astrangia poculata,April,FW,AST-1311-TP2.vsi,14,PP,3.6547,microns,female,2,27.087,15.49,50,,
AST-1311-TP2,TP2,4/2/21,Astrangia poculata,April,FW,AST-1311-TP2.vsi,14,PP,3.6547,microns,female,2,36.383,23.987,50,,
AST-1311-TP2,TP2,4/2/21,Astrangia poculata,April,FW,AST-1311-TP2.vsi,14,PP,3.6547,microns,female,2,31.722,18.289,50,,
AST-1053-TP2,TP2,4/2/21,Astrangia poculata,April,FW,AST-1053-TP2.vsi,14,PP,3.6547,microns,female,1,18.718,16.325,50,,
AST-1053-TP2,TP2,4/2/21,Astrangia poculata,April,FW,AST-1053-TP2.vsi,14,PP,3.6547,microns,female,1,18.83,12.297,50,,
AST-1053-TP2,TP2,4/2/21,Astrangia poculata,April,FW,AST-1053-TP2.vsi,14,PP,3.6547,microns,female,1,14.735,11.08,50,,
AST-1053-TP2,TP2,4/2/21,Astrangia poculata,April,FW,AST-1053-TP2.vsi,14,PP,3.6547,microns,female,2,41.43,24.159,50,,
AST-1053-TP2,TP2,4/2/21,Astrangia poculata,April,FW,AST-1053-TP2.vsi,14,PP,3.6547,microns,female,2,47.074,25.72,50,,
AST-1053-TP2,TP2,4/2/21,Astrangia poculata,April,FW,AST-1053-TP2.vsi,14,PP,3.6547,microns,female,2,41.765,29.009,50,,
AST-1489-TP2,TP2,4/2/21,Astrangia poculata,April,,AST-1489-TP2.vsi,14,PP,3.6547,microns,male,1,28.791,14.489,36,In Jill's notebook and slide data,
AST-1489-TP2,TP2,4/2/21,Astrangia poculata,April,,AST-1489-TP2.vsi,14,PP,3.6547,microns,male,1,21.251,15.136,36,,
AST-1489-TP2,TP2,4/2/21,Astrangia poculata,April,,AST-1489-TP2.vsi,14,PP,3.6547,microns,male,1,23.01,17.175,36,,
AST-1489-TP2,TP2,4/2/21,Astrangia poculata,April,,AST-1489-TP2.vsi,14,PP,3.6547,microns,male,2,40.381,33.089,36,,
AST-1489-TP2,TP2,4/2/21,Astrangia poculata,April,,AST-1489-TP2.vsi,14,PP,3.6547,microns,male,2,30.84,28.171,36,,
AST-1489-TP2,TP2,4/2/21,Astrangia poculata,April,,AST-1489-TP2.vsi,14,PP,3.6547,microns,male,2,33.435,25.958,36,,
AST-1225-TP2,TP2,4/2/21,Astrangia poculata,April,FW,AST-1225-TP2.vsi,14,PP,3.6547,microns,male,1,25.657,18.671,50,,
AST-1225-TP2,TP2,4/2/21,Astrangia poculata,April,FW,AST-1225-TP2.vsi,14,PP,3.6547,microns,male,1,28.671,18.736,50,,
AST-1225-TP2,TP2,4/2/21,Astrangia poculata,April,FW,AST-1225-TP2.vsi,14,PP,3.6547,microns,male,1,26.28,19.989,50,,
AST-2399-TP2,TP2,4/2/21,Astrangia poculata,April,,AST-2399-TP2.vsi,14,PP,3.6547,microns,female,1,14.563,9.482,50,,
AST-2399-TP2,TP2,4/2/21,Astrangia poculata,April,,AST-2399-TP2.vsi,14,PP,3.6547,microns,female,1,10.179,7.008,50,,
AST-2399-TP2,TP2,4/2/21,Astrangia poculata,April,,AST-2399-TP2.vsi,14,PP,3.6547,microns,female,1,9.986,6.657,50,,
AST-2399-TP2,TP2,4/2/21,Astrangia poculata,April,,AST-2399-TP2.vsi,14,PP,3.6547,microns,female,2,25.528,14.335,50,,
AST-2399-TP2,TP2,4/2/21,Astrangia poculata,April,,AST-2399-TP2.vsi,14,PP,3.6547,microns,female,2,24.746,12.775,50,,
AST-2399-TP2,TP2,4/2/21,Astrangia poculata,April,,AST-2399-TP2.vsi,14,PP,3.6547,microns,female,2,28.183,17.095,50,,
AST-2399-TP2,TP2,4/2/21,Astrangia poculata,April,,AST-2399-TP2.vsi,14,PP,3.6547,microns,female,3,64.138,36.708,50,,
AST-2399-TP2,TP2,4/2/21,Astrangia poculata,April,,AST-2399-TP2.vsi,14,PP,3.6547,microns,female,3,52.031,31.196,50,,
AST-2399-TP2,TP2,4/2/21,Astrangia poculata,April,,AST-2399-TP2.vsi,14,PP,3.6547,microns,female,3,41.032,21.904,50,,
AST-1197-TP2,TP2,4/2/21,Astrangia poculata,April,,Image_02.vsi,14,PP,3.6547,microns,male,1,23.538,11.641,50,,
AST-1197-TP2,TP2,4/2/21,Astrangia poculata,April,,Image_02.vsi,14,PP,3.6547,microns,male,1,14.125,11.794,50,,
AST-1197-TP2,TP2,4/2/21,Astrangia poculata,April,,Image_02.vsi,14,PP,3.6547,microns,male,1,18.848,10.904,50,,
AST-2384-TP2,TP2,4/2/21,Astrangia poculata,April,FW,Image_AST_2384_1.vsi,14,NOVA,3.6547,microns,male,1,16.592,8.846,17,,
AST-2384-TP2,TP2,4/2/21,Astrangia poculata,April,FW,Image_AST_2384_1.vsi,14,NOVA,3.6547,microns,male,1,12.052,12.021,17,,
AST-2384-TP2,TP2,4/2/21,Astrangia poculata,April,FW,Image_AST_2384_1.vsi,14,NOVA,3.6547,microns,male,1,12.771,9.324,17,,
AST-2384-TP2,TP2,4/2/21,Astrangia poculata,April,FW,Image_AST_2384_1.vsi,14,NOVA,3.6547,microns,male,2,26.352,9.101,17,,
AST-2384-TP2,TP2,4/2/21,Astrangia poculata,April,FW,Image_AST_2384_1.vsi,14,NOVA,3.6547,microns,male,2,25.477,19.289,17,,
AST-2384-TP2,TP2,4/2/21,Astrangia poculata,April,FW,Image_AST_2384_1.vsi,14,NOVA,3.6547,microns,male,2,24.261,18.077,17,,
AST-1448-TP2,TP2,4/2/21,Astrangia poculata,April,FW,A-AST-1448.vsi,14,PP,3.6547,microns,female,1,16.095,8.841,50,Missing AST-1448 from slide data,
AST-1448-TP2,TP2,4/2/21,Astrangia poculata,April,FW,A-AST-1448.vsi,14,PP,3.6547,microns,female,1,14.447,12.491,50,,
AST-1448-TP2,TP2,4/2/21,Astrangia poculata,April,FW,A-AST-1448.vsi,14,PP,3.6547,microns,female,1,12.052,1.838,50,,
AST-1448-TP2,TP2,4/2/21,Astrangia poculata,April,FW,A-AST-1448.vsi,14,PP,3.6547,microns,female,2,32.948,23.578,50,,
AST-1448-TP2,TP2,4/2/21,Astrangia poculata,April,FW,A-AST-1448.vsi,14,PP,3.6547,microns,female,2,26.494,17.175,50,,
AST-1448-TP2,TP2,4/2/21,Astrangia poculata,April,FW,A-AST-1448.vsi,14,PP,3.6547,microns,female,2,30.217,16.16,5+Q105,,
AST-1430-TP4,TP4,5/28/21,Astrangia poculata,May,,A-AST-1430-TP4.vsi,14,PP,3.6547,microns,female,2,49.067,25.774,50,,
AST-1430-TP4,TP4,5/28/21,Astrangia poculata,May,,A-AST-1430-TP4.vsi,14,PP,3.6547,microns,female,2,30.942,24.966,50,,
AST-1430-TP4,TP4,5/28/21,Astrangia poculata,May,,A-AST-1430-TP4.vsi,14,PP,3.6547,microns,female,2,40.523,26.471,50,,
AST-1430-TP4,TP4,5/28/21,Astrangia poculata,May,,A-AST-1430-TP4.vsi,14,PP,3.6547,microns,female,3,75.707,48.616,50,,
AST-1430-TP4,TP4,5/28/21,Astrangia poculata,May,,A-AST-1430-TP4.vsi,14,PP,3.6547,microns,female,3,82.415,60.565,50,,
AST-1430-TP4,TP4,5/28/21,Astrangia poculata,May,,A-AST-1430-TP4.vsi,14,PP,3.6547,microns,female,3,80.95,64.391,50,,
AST-1430-TP4,TP4,5/28/21,Astrangia poculata,May,,A-AST-1430-TP4.vsi,14,PP,3.6547,microns,female,4,96.974,67.473,50,,
AST-1430-TP4,TP4,5/28/21,Astrangia poculata,May,,A-AST-1430-TP4.vsi,14,PP,3.6547,microns,female,4,103.054,61.007,50,,
AST-1430-TP4,TP4,5/28/21,Astrangia poculata,May,,A-AST-1430-TP4.vsi,14,PP,3.6547,microns,female,4,107.967,59.43,50,,
AST-1557-TP4,TP4,5/28/21,Astrangia poculata,May,FW,Image_AST_1557_1.vsi,20,NOVA,3.6547,microns,male,2,31.589,24.518,6,,
AST-1557-TP4,TP4,5/28/21,Astrangia poculata,May,FW,Image_AST_1557_1.vsi,20,NOVA,3.6547,microns,male,2,25.829,16.023,6,,
AST-1557-TP4,TP4,5/28/21,Astrangia poculata,May,FW,Image_AST_1557_1.vsi,20,NOVA,3.6547,microns,male,2,26.671,21.06,6,,
AST-1483-TP4,TP4,5/28/21,Astrangia poculata,May,,AST-1483-TP4.vsi,14,PP,3.6547,microns,male,2,20.688,14.594,50,,
AST-1483-TP4,TP4,5/28/21,Astrangia poculata,May,,AST-1483-TP4.vsi,14,PP,3.6547,microns,male,2,16.528,12.979,50,,
AST-1483-TP4,TP4,5/28/21,Astrangia poculata,May,,AST-1483-TP4.vsi,14,PP,3.6547,microns,male,2,11.534,9.108,50,,
AST-1483-TP4,TP4,5/28/21,Astrangia poculata,May,,AST-1483-TP4.vsi,14,PP,3.6547,microns,male,3,62.687,36.134,50,,
AST-1483-TP4,TP4,5/28/21,Astrangia poculata,May,,AST-1483-TP4.vsi,14,PP,3.6547,microns,male,3,57.736,47.597,50,,
AST-1483-TP4,TP4,5/28/21,Astrangia poculata,May,,AST-1483-TP4.vsi,14,PP,3.6547,microns,male,3,67.664,38.589,50,,
AST-1135-TP4,TP4,5/28/21,Astrangia poculata,May,FW,AST-1135-TP4.vsi,14,PP,3.6547,microns,female,1,13.261,11.433,50,,
AST-1135-TP4,TP4,5/28/21,Astrangia poculata,May,FW,AST-1135-TP4.vsi,14,PP,3.6547,microns,female,1,15.575,14.17,50,,
AST-1135-TP4,TP4,5/28/21,Astrangia poculata,May,FW,AST-1135-TP4.vsi,14,PP,3.6547,microns,female,1,14.775,12.313,50,,
AST-1135-TP4,TP4,5/28/21,Astrangia poculata,May,FW,AST-1135-TP4.vsi,14,PP,3.6547,microns,female,2,32.348,19.769,50,,
AST-1135-TP4,TP4,5/28/21,Astrangia poculata,May,FW,AST-1135-TP4.vsi,14,PP,3.6547,microns,female,2,25.46,16.437,50,,
AST-1135-TP4,TP4,5/28/21,Astrangia poculata,May,FW,AST-1135-TP4.vsi,14,PP,3.6547,microns,female,2,24.965,21.576,50,,
AST-1135-TP4,TP4,5/28/21,Astrangia poculata,May,FW,AST-1135-TP4.vsi,14,PP,3.6547,microns,female,3,75.843,50.079,50,,
AST-1135-TP4,TP4,5/28/21,Astrangia poculata,May,FW,AST-1135-TP4.vsi,14,PP,3.6547,microns,female,3,70.124,30.383,50,,
AST-1135-TP4,TP4,5/28/21,Astrangia poculata,May,FW,AST-1135-TP4.vsi,14,PP,3.6547,microns,female,3,70.08,53.513,50,,
AST-1135-TP4,TP4,5/28/21,Astrangia poculata,May,FW,AST-1135-TP4.vsi,14,PP,3.6547,microns,female,4,97.761,58.695,50,,
AST-1135-TP4,TP4,5/28/21,Astrangia poculata,May,FW,AST-1135-TP4.vsi,14,PP,3.6547,microns,female,4,92.771,49.748,50,,
AST-1135-TP4,TP4,5/28/21,Astrangia poculata,May,FW,AST-1135-TP4.vsi,14,PP,3.6547,microns,female,4,89.69,66.083,50,,
AST-1554-TP4,TP4,5/28/21,Astrangia poculata,May,FW,Image_AST_1537_1.vsi,20,NOVA,3.6547,microns,NA,0,0,0,0,"Previous name was AST-1559-TP4, wasn't scanned",
AST-1440-TP4,TP4,5/28/21,Astrangia poculata,May,FW,Image_AST_1440_2.vsi,20,NOVA,3.6547,microns,NA,0,0,0,0,,
AST-1238-TP4,TP4,5/28/21,Astrangia poculata,May,FW,A-AST-1238-TP4.vsi,14,PP,3.6547,microns,male,2,40.629,22.135,50,,
AST-1238-TP4,TP4,5/28/21,Astrangia poculata,May,FW,A-AST-1238-TP4.vsi,14,PP,3.6547,microns,male,2,47.983,28.645,50,,
AST-1238-TP4,TP4,5/28/21,Astrangia poculata,May,FW,A-AST-1238-TP4.vsi,14,PP,3.6547,microns,male,2,48.861,24.743,50,,
AST-1238-TP4,TP4,5/28/21,Astrangia poculata,May,FW,A-AST-1238-TP4.vsi,14,PP,3.6547,microns,male,3,93.108,72.004,50,,
AST-1238-TP4,TP4,5/28/21,Astrangia poculata,May,FW,A-AST-1238-TP4.vsi,14,PP,3.6547,microns,male,3,93.288,58.593,50,,
AST-1238-TP4,TP4,5/28/21,Astrangia poculata,May,FW,A-AST-1238-TP4.vsi,14,PP,3.6547,microns,male,3,91.787,41.648,50,,
AST-1621-TP4,TP4,5/28/21,Astrangia poculata,May,,AST-1621-TP4.vsi,14,PP,3.6547,microns,female,2,17.692,8.451,36,,
AST-1621-TP4,TP4,5/28/21,Astrangia poculata,May,,AST-1621-TP4.vsi,14,PP,3.6547,microns,female,2,21.052,9.945,36,,
AST-1621-TP4,TP4,5/28/21,Astrangia poculata,May,,AST-1621-TP4.vsi,14,PP,3.6547,microns,female,3,49.775,33.982,36,,
AST-1621-TP4,TP4,5/28/21,Astrangia poculata,May,,AST-1621-TP4.vsi,14,PP,3.6547,microns,female,3,39.708,23.477,36,,
AST-1621-TP4,TP4,5/28/21,Astrangia poculata,May,,AST-1621-TP4.vsi,14,PP,3.6547,microns,female,3,46.759,20.811,36,,
AST-1621-TP4,TP4,5/28/21,Astrangia poculata,May,,AST-1621-TP4.vsi,14,PP,3.6547,microns,female,4,68.914,56.693,36,,
AST-1621-TP4,TP4,5/28/21,Astrangia poculata,May,,AST-1621-TP4.vsi,14,PP,3.6547,microns,female,4,71.217,44.889,36,,
AST-2075-TP4,TP4,5/28/21,Astrangia poculata,May,FW,Image_AST_2075_2.vsi,20,NOVA,3.6547,microns,NA,0,0,0,0,,
AST-1110-TP4,TP4,5/28/21,Astrangia poculata,May,FW,Image_AST_1110.vsi,14,NOVA,7.3049,microns,NA,0,0,0,0,,
AST-2976-TP4,NA,NA,NA,NA,NA,NA,NA,NA,NA,NA,NA,NA,NA,NA,NA,NA,NA
AST-1205-TP4,TP4,5/28/21,Astrangia poculata,May,FW,AST-1205-TP4.vsi,14,PP,3.6547,microns,female,1,9.865,7.991,8,,
AST-1205-TP4,TP4,5/28/21,Astrangia poculata,May,FW,AST-1205-TP4.vsi,14,PP,3.6547,microns,female,1,7.968,6.731,8,,
AST-1205-TP4,TP4,5/28/21,Astrangia poculata,May,FW,AST-1205-TP4.vsi,14,PP,3.6547,microns,female,1,9.911,8.227,8,,
AST-1122-TP4,TP4,5/28/21,Astrangia poculata,May,,AST-1122-TP4.vsi,14,PP,3.6547,microns,male,1,23.475,16.069,50,,
AST-1122-TP4,TP4,5/28/21,Astrangia poculata,May,,AST-1122-TP4.vsi,14,PP,3.6547,microns,male,1,24.142,12.362,50,,
AST-1122-TP4,TP4,5/28/21,Astrangia poculata,May,,AST-1122-TP4.vsi,14,PP,3.6547,microns,male,1,18.365,12.533,50,,
AST-1122-TP4,TP4,5/28/21,Astrangia poculata,May,,AST-1122-TP4.vsi,14,PP,3.6547,microns,male,2,32.256,29.332,50,,
AST-1122-TP4,TP4,5/28/21,Astrangia poculata,May,,AST-1122-TP4.vsi,14,PP,3.6547,microns,male,2,34.525,22.922,50,,
AST-1122-TP4,TP4,5/28/21,Astrangia poculata,May,,AST-1122-TP4.vsi,14,PP,3.6547,microns,male,2,38.727,25.085,50,,
AST-1122-TP4,TP4,5/28/21,Astrangia poculata,May,,AST-1122-TP4.vsi,14,PP,3.6547,microns,male,3,63.879,49.916,50,,
AST-1122-TP4,TP4,5/28/21,Astrangia poculata,May,,AST-1122-TP4.vsi,14,PP,3.6547,microns,male,3,46.519,39.499,50,,
AST-1122-TP4,TP4,5/28/21,Astrangia poculata,May,,AST-1122-TP4.vsi,14,PP,3.6547,microns,male,3,84.75,41.301,50,,
AST-1470-TP4,TP4,5/28/21,Astrangia poculata,May,,AST-1470-TP4.vsi,37,PP,3.6547,microns,male,3,70.009,48.678,50,,
AST-1470-TP4,TP4,5/28/21,Astrangia poculata,May,,AST-1470-TP4.vsi,37,PP,3.6547,microns,male,3,105.715,39.838,50,,
AST-1470-TP4,TP4,5/28/21,Astrangia poculata,May,,AST-1470-TP4.vsi,37,PP,3.6547,microns,male,3,84.932,29.499,50,,
AST-1470-TP4,TP4,5/28/21,Astrangia poculata,May,,AST-1470-TP4.vsi,37,PP,3.6547,microns,male,4,111.545,50.229,50,,
AST-1470-TP4,TP4,5/28/21,Astrangia poculata,May,,AST-1470-TP4.vsi,37,PP,3.6547,microns,male,4,111.802,28.143,50,,
AST-1470-TP4,TP4,5/28/21,Astrangia poculata,May,,AST-1470-TP4.vsi,37,PP,3.6547,microns,male,4,121.018,45.732,50,,
AST-1470-TP4,TP4,5/28/21,Astrangia poculata,May,,AST-1470-TP4.vsi,37,PP,3.6547,microns,male,5,109.77,85.587,50,,
AST-1470-TP4,TP4,5/28/21,Astrangia poculata,May,,AST-1470-TP4.vsi,37,PP,3.6547,microns,male,5,123.952,41.449,50,,
AST-1470-TP4,TP4,5/28/21,Astrangia poculata,May,,AST-1470-TP4.vsi,37,PP,3.6547,microns,male,5,112.365,86.982,50,,
AST-2730,NA,NA,NA,NA,NA,NA,NA,NA,NA,NA,NA,NA,NA,NA,NA,NA,NA
AST-1071-TP4,TP4,5/28/21,Astrangia poculata,May,FW,Image_AST_1071_1.vsi,20,NOVA,3.6524,microns,female,3,45.663,34.866,4,Missing but in Jill Notebook 1071,
AST-1071-TP4,TP4,5/28/21,Astrangia poculata,May,FW,Image_AST_1071_1.vsi,20,NOVA,3.6524,microns,female,3,44.147,43.256,4,,
AST-1071-TP4,TP4,5/28/21,Astrangia poculata,May,FW,Image_AST_1071_1.vsi,20,NOVA,3.6524,microns,female,3,47.119,36.977,4,,
AST-1170-TP6,TP6,7/23/21,Astrangia poculata,Juy,FW,Image_AST_1170_1.vsi,20,NOVA,3.6524,microns,NA,0,0,0,0,,
AST-2552-TP6,TP6,7/23/21,Astrangia poculata,July,,Image_AST_2552.vsi,20,NOVA,7.3049,microns,NA,0,0,0,0,,
AST-1191-TP6,TP6,7/23/21,Astrangia poculata,July,FW,AST-1191-TP7,14,PP,3.6524,microns,NA,0,0,0,0,,
AST-1466-TP6,TP6,7/23/21,Astrangia poculata,July,FW,Image_AST_1466_1.vsi,20,NOVA,3.6524,microns,NA,0,0,0,0,,
AST-1541-TP6,TP6,7/23/21,Astrangia poculata,July,FW,Image_AST_1541_2.vsi,20,NOVA,3.6524,microns,NA,0,0,0,0,,
AST-1636-TP6,TP6,7/23/21,Astrangia poculata,July,FW,Image_AST_1636.vsi,14,NOVA,7.3049,microns,female,4,134.008,60.751,50,,
AST-1636-TP6,TP6,7/23/21,Astrangia poculata,July,FW,Image_AST_1636.vsi,14,NOVA,7.3049,microns,female,4,99.648,47.337,50,,
AST-1636-TP6,TP6,7/23/21,Astrangia poculata,July,FW,Image_AST_1636.vsi,14,NOVA,7.3049,microns,female,4,137.482,38.029,50,,
AST-2566-TP6,TP6,7/23/21,Astrangia poculata,July,FW,Image_AST_2566_2.vsi,20,NOVA,3.6524,microns,NA,0,0,0,0,,
AST-1187-TP6,TP6,7/23/21,Astrangia poculata,July,FW,AST-1187-TP6.vsi,14,PP,3.6524,microns,female,3,58.102,35.491,1,,
AST-1141-TP7,TP7,8/25/21,Astrangia poculata,August,ENDV,Image_AST_1141_2.vsi,20,NOVA,3.6525,microns,NA,0,0,0,0,Exists on tank data and in boxes,
AST-1204-TP7,TP7,8/25/21,Astrangia poculata,August,ENDV,Image_AST_1204_1.vsi,20,NOVA,3.6525,microns,NA,0,0,0,0,,
AST-2279-TP7,TP7,8/25/21,Astrangia poculata,August,,A-AST-2279-TP7.vsi,14,PP,3.6547,microns,NA,0,0,0,0,,
AST-1242-TP7,TP7,8/25/21,Astrangia poculata,August,ENDV,Image_AST_2372_2.vsi,20,NOVA,3.6525,microns,NA,0,0,0,0,,
AST-2372-TP7,TP7,8/25/21,Astrangia poculata,August,ENDV,Image_AST_2372.vsi,20,NOVA,7.3049,microns,NA,0,0,0,0,,
AST-1043-TP7,TP7,8/25/21,Astrangia poculata,August,ENDV,A-AST-1043-TP7.vsi,14,PP,3.6525,microns,NA,0,0,0,0,,
AST-2290-TP7,TP7,8/25/21,Astrangia poculata,August,ENDV,Image_AST_2290_2.vsi,20,NOVA,3.6525,microns,NA,0,0,0,0,,
AST-1247-TP7,TP7,8/25/21,Astrangia poculata,August,ENDV,Image_AST_1247_2.vsi,20,NOVA,3.6525,microns,NA,0,0,0,0,,
_FLD-10-TP2_,TP2,4/11/21,Astrangia poculata,April,,Image_FLD_10_TP2.vsi,20,NOVA,7.3049,microns,NA,0,0,0,0,,
_FLD-4-TP2_,TP2,4/11/21,Astrangia poculata,April,,FLD-4-TP2.vsi,14,PP,3.6547,microns,female,1,23.633,14.228,50,,
_FLD-4-TP2_,TP2,4/11/21,Astrangia poculata,April,,FLD-4-TP2.vsi,14,PP,3.6547,microns,female,1,23.957,18.133,50,,
_FLD-4-TP2_,TP2,4/11/21,Astrangia poculata,April,,FLD-4-TP2.vsi,14,PP,3.6547,microns,female,1,29.99,16.164,50,,
_FLD-4-TP2_,TP2,4/11/21,Astrangia poculata,April,,FLD-4-TP2.vsi,14,PP,3.6547,microns,female,2,36.268,29.113,50,,
_FLD-4-TP2_,TP2,4/11/21,Astrangia poculata,April,,FLD-4-TP2.vsi,14,PP,3.6547,microns,female,2,32.579,24.577,50,,
_FLD-4-TP2_,TP2,4/11/21,Astrangia poculata,April,,FLD-4-TP2.vsi,14,PP,3.6547,microns,female,2,36.268,23.095,50,,
_FLD-4-TP2_,TP2,4/11/21,Astrangia poculata,April,,FLD-4-TP2.vsi,14,PP,3.6547,microns,female,3,62.167,36.792,50,,
_FLD-4-TP2_,TP2,4/11/21,Astrangia poculata,April,,FLD-4-TP2.vsi,14,PP,3.6547,microns,female,3,59.877,34.753,50,,
_FLD-4-TP2_,TP2,4/11/21,Astrangia poculata,April,,FLD-4-TP2.vsi,14,PP,3.6547,microns,female,3,59.488,39.47,50,,
_FLD-1-TP2_,TP2,4/11/21,Astrangia poculata,April,,FLD-1-TP2.vsi,19,PP,3.6548,microns,male,1,19.987,14.113,50,,
_FLD-1-TP2_,TP2,4/11/21,Astrangia poculata,April,,FLD-1-TP2.vsi,19,PP,3.6548,microns,male,1,20.132,16.832,50,,
_FLD-1-TP2_,TP2,4/11/21,Astrangia poculata,April,,FLD-1-TP2.vsi,19,PP,3.6548,microns,male,1,18.954,17.314,50,,
_FLD-5-TP2_,TP2,4/11/21,Astrangia poculata,April,,FLD-5-TP2.vsi,14,PP,3.6547,microns,female,1,26.064,15.244,50,,
_FLD-5-TP2_,TP2,4/11/21,Astrangia poculata,April,,FLD-5-TP2.vsi,14,PP,3.6547,microns,female,1,28.759,24.892,50,,
_FLD-5-TP2_,TP2,4/11/21,Astrangia poculata,April,,FLD-5-TP2.vsi,14,PP,3.6547,microns,female,1,20.686,17.867,50,,
_FLD-5-TP2_,TP2,4/11/21,Astrangia poculata,April,,FLD-5-TP2.vsi,14,PP,3.6547,microns,female,2,45.026,27.952,50,,
_FLD-5-TP2_,TP2,4/11/21,Astrangia poculata,April,,FLD-5-TP2.vsi,14,PP,3.6547,microns,female,2,37.436,23.069,50,,
_FLD-5-TP2_,TP2,4/11/21,Astrangia poculata,April,,FLD-5-TP2.vsi,14,PP,3.6547,microns,female,2,36.631,24.504,50,,
_FLD-5-TP2_,TP2,4/11/21,Astrangia poculata,April,,FLD-5-TP2.vsi,14,PP,3.6547,microns,female,3,108.255,54.201,50,,
_FLD-5-TP2_,TP2,4/11/21,Astrangia poculata,April,,FLD-5-TP2.vsi,14,PP,3.6547,microns,female,3,92.176,59.855,50,,
_FLD-5-TP2_,TP2,4/11/21,Astrangia poculata,April,,FLD-5-TP2.vsi,14,PP,3.6547,microns,female,3,78.835,42.85,50,,
_FLD-6-TP2_,TP2,4/11/21,Astrangia poculata,April,,FLD-6-TP2.vsi,14,PP,3.6547,microns,female,1,25.127,13.93,50,,
_FLD-6-TP2_,TP2,4/11/21,Astrangia poculata,April,,FLD-6-TP2.vsi,14,PP,3.6547,microns,female,1,23.13,14.546,50,,
_FLD-6-TP2_,TP2,4/11/21,Astrangia poculata,April,,FLD-6-TP2.vsi,14,PP,3.6547,microns,female,1,22.7003,18.897,50,,
_FLD-6-TP2_,TP2,4/11/21,Astrangia poculata,April,,FLD-6-TP2.vsi,14,PP,3.6547,microns,female,2,46.434,29.653,50,,
_FLD-6-TP2_,TP2,4/11/21,Astrangia poculata,April,,FLD-6-TP2.vsi,14,PP,3.6547,microns,female,2,42.66,26.087,50,,
_FLD-6-TP2_,TP2,4/11/21,Astrangia poculata,April,,FLD-6-TP2.vsi,14,PP,3.6547,microns,female,2,47.722,27.335,50,,
_FLD-6-TP2_,TP2,4/11/21,Astrangia poculata,April,,FLD-6-TP2.vsi,14,PP,3.6547,microns,female,3,73.989,51.059,50,,
_FLD-6-TP2_,TP2,4/11/21,Astrangia poculata,April,,FLD-6-TP2.vsi,14,PP,3.6547,microns,female,3,86.456,56.596,50,,
_FLD-6-TP2_,TP2,4/11/21,Astrangia poculata,April,,FLD-6-TP2.vsi,14,PP,3.6547,microns,female,3,106.579,73.61,50,,
_FLD-2-TP2_,TP2,4/11/21,Astrangia poculata,April,,FLD-2-TP2.vsi,14,PP,3.6547,microns,NA,0,0,0,0,,
_FLD-11-TP2_,TP2,4/11/21,Astrangia poculata,April,,FLD-11-TP2.vsi,14,PP,3.6525,microns,male,1,23.633,18.125,13,,
_FLD-11-TP2_,TP2,4/11/21,Astrangia poculata,April,,FLD-11-TP2.vsi,14,PP,3.6525,microns,male,1,24.239,19.738,13,,
_FLD-11-TP2_,TP2,4/11/21,Astrangia poculata,April,,FLD-11-TP2.vsi,14,PP,3.6525,microns,male,1,24.406,18.678,13,,
_FLD-11-TP2_,TP2,4/11/21,Astrangia poculata,April,,FLD-11-TP2.vsi,14,PP,3.6525,microns,male,2,47.331,37.76,13,,
_FLD-11-TP2_,TP2,4/11/21,Astrangia poculata,April,,FLD-11-TP2.vsi,14,PP,3.6525,microns,male,2,43.4,32.853,13,,
_FLD-11-TP2_,TP2,4/11/21,Astrangia poculata,April,,FLD-11-TP2.vsi,14,PP,3.6525,microns,male,2,37.74,27.235,13,,
_FLD-3-TP2_,TP2,4/11/21,Astrangia poculata,April,,FLD-3-TP2.vsi,14,PP,3.6547,microns,male,1,34.317,17.608,43,,
_FLD-3-TP2_,TP2,4/11/21,Astrangia poculata,April,,FLD-3-TP2.vsi,14,PP,3.6547,microns,male,1,30.118,23.027,43,,
_FLD-3-TP2_,TP2,4/11/21,Astrangia poculata,April,,FLD-3-TP2.vsi,14,PP,3.6547,microns,male,1,36.33,27.911,43,,
_FLD-3-TP2_,TP2,4/11/21,Astrangia poculata,April,,FLD-3-TP2.vsi,14,PP,3.6547,microns,male,2,44.771,29.086,43,,
_FLD-3-TP2_,TP2,4/11/21,Astrangia poculata,April,,FLD-3-TP2.vsi,14,PP,3.6547,microns,male,2,54.601,31.656,43,,
_FLD-3-TP2_,TP2,4/11/21,Astrangia poculata,April,,FLD-3-TP2.vsi,14,PP,3.6547,microns,male,2,53.876,37.537,43,,
_FLD-3-TP2_,TP2,4/11/21,Astrangia poculata,April,,FLD-3-TP2.vsi,14,PP,3.6547,microns,male,3,73.991,30.995,43,,
_FLD-3-TP2_,TP2,4/11/21,Astrangia poculata,April,,FLD-3-TP2.vsi,14,PP,3.6547,microns,male,3,62.282,36.01,43,,
_FLD-7-TP2_,TP2,4/11/21,Astrangia poculata,April,,FLD-7-TP2.vsi,14,PP,3.6547,microns,NA,0,0,0,0,,
_FLD-8-TP2_,TP2,4/11/21,Astrangia poculata,April,,FLD-8-TP2.vsi,14,PP,3.6547,microns,female,1,16.088,9.743,50,,
_FLD-8-TP2_,TP2,4/11/21,Astrangia poculata,April,,FLD-8-TP2.vsi,14,PP,3.6547,microns,female,1,14.666,9.865,50,,
_FLD-8-TP2_,TP2,4/11/21,Astrangia poculata,April,,FLD-8-TP2.vsi,14,PP,3.6547,microns,female,1,14.696,11.39,50,,
_FLD-8-TP2_,TP2,4/11/21,Astrangia poculata,April,,FLD-8-TP2.vsi,14,PP,3.6547,microns,female,2,28.087,14.016,50,,
_FLD-8-TP2_,TP2,4/11/21,Astrangia poculata,April,,FLD-8-TP2.vsi,14,PP,3.6547,microns,female,2,43.737,36.89,50,,
_FLD-8-TP2_,TP2,4/11/21,Astrangia poculata,April,,FLD-8-TP2.vsi,14,PP,3.6547,microns,female,2,45.348,23.83,50,,
_FLD-8-TP2_,TP2,4/11/21,Astrangia poculata,April,,FLD-8-TP2.vsi,14,PP,3.6547,microns,female,3,65.114,42.264,50,,
_FLD-8-TP2_,TP2,4/11/21,Astrangia poculata,April,,FLD-8-TP2.vsi,14,PP,3.6547,microns,female,3,51.881,37.305,50,,
_FLD-8-TP2_,TP2,4/11/21,Astrangia poculata,April,,FLD-8-TP2.vsi,14,PP,3.6547,microns,female,3,44.886,43.274,50,,
_FLD-9-TP2_,TP2,4/11/21,Astrangia poculata,April,,Image_FLD_9_TP2.vsi,14,NOVA,7.3049,microns,female,2,25.055,22.92,26,,
_FLD-9-TP2_,TP2,4/11/21,Astrangia poculata,April,,Image_FLD_9_TP2.vsi,14,NOVA,7.3049,microns,female,2,22.399,15.814,26,,
_FLD-9-TP2_,TP2,4/11/21,Astrangia poculata,April,,Image_FLD_9_TP2.vsi,14,NOVA,7.3049,microns,female,2,25.765,18.878,26,,
_FLD-9-TP2_,TP2,4/11/21,Astrangia poculata,April,,Image_FLD_9_TP2.vsi,14,NOVA,7.3049,microns,female,3,44.381,35.795,26,,
_FLD-9-TP2_,TP2,4/11/21,Astrangia poculata,April,,Image_FLD_9_TP2.vsi,14,NOVA,7.3049,microns,female,3,48.026,33.493,26,,
_FLD-9-TP2_,TP2,4/11/21,Astrangia poculata,April,,Image_FLD_9_TP2.vsi,14,NOVA,7.3049,microns,female,3,46.865,26.067,26,,
_FLD-7-TP3_,TP3,4/29/21,Astrangia poculata,April,,FLD-7-TP3.vsi,14,PP,3.6547,microns,male,1,33.002,19.829,15,,
_FLD-7-TP3_,TP3,4/29/21,Astrangia poculata,April,,FLD-7-TP3.vsi,14,PP,3.6547,microns,male,1,32.04,21.896,15,,
_FLD-7-TP3_,TP3,4/29/21,Astrangia poculata,April,,FLD-7-TP3.vsi,14,PP,3.6547,microns,male,1,27.427,16.902,15,,
_FLD-7-TP3_,TP3,4/29/21,Astrangia poculata,April,,FLD-7-TP3.vsi,14,PP,3.6547,microns,male,2,55.691,30.138,15,,
_FLD-7-TP3_,TP3,4/29/21,Astrangia poculata,April,,FLD-7-TP3.vsi,14,PP,3.6547,microns,male,2,48.602,34.544,15,,
_FLD-7-TP3_,TP3,4/29/21,Astrangia poculata,April,,FLD-7-TP3.vsi,14,PP,3.6547,microns,male,2,58.043,34.021,15,,
_FLD-11-TP3_,TP3,4/29/21,Astrangia poculata,April,,FLD-11-TP3.vsi,14,PP,3.6547,microns,female,2,44.205,15.794,50,,
_FLD-11-TP3_,TP3,4/29/21,Astrangia poculata,April,,FLD-11-TP3.vsi,14,PP,3.6547,microns,female,2,41.435,23.677,50,,
_FLD-11-TP3_,TP3,4/29/21,Astrangia poculata,April,,FLD-11-TP3.vsi,14,PP,3.6547,microns,female,2,38.404,18.87,50,,
_FLD-11-TP3_,TP3,4/29/21,Astrangia poculata,April,,FLD-11-TP3.vsi,14,PP,3.6547,microns,female,3,68.214,32.912,50,,
_FLD-11-TP3_,TP3,4/29/21,Astrangia poculata,April,,FLD-11-TP3.vsi,14,PP,3.6547,microns,female,3,70.348,29.873,50,,
_FLD-11-TP3_,TP3,4/29/21,Astrangia poculata,April,,FLD-11-TP3.vsi,14,PP,3.6547,microns,female,3,55.598,31.312,50,,
_FLD-10-TP3_,TP3,4/29/21,Astrangia poculata,April,,FLD-10-TP3.vsi,14,PP,3.6525,microns,female,2,28.851,23.841,27,,
_FLD-10-TP3_,TP3,4/29/21,Astrangia poculata,April,,FLD-10-TP3.vsi,14,PP,3.6525,microns,female,2,29.132,21.454,27,,
_FLD-10-TP3_,TP3,4/29/21,Astrangia poculata,April,,FLD-10-TP3.vsi,14,PP,3.6525,microns,female,2,28.635,20181,27,,
_FLD-10-TP3_,TP3,4/29/21,Astrangia poculata,April,,FLD-10-TP3.vsi,14,PP,3.6525,microns,female,3,38.31,33.088,27,,
_FLD-10-TP3_,TP3,4/29/21,Astrangia poculata,April,,FLD-10-TP3.vsi,14,PP,3.6525,microns,female,3,51.084,37.795,27,,
_FLD-10-TP3_,TP3,4/29/21,Astrangia poculata,April,,FLD-10-TP3.vsi,14,PP,3.6525,microns,female,3,42.34,28.9,27,,
_FLD-8-TP3_,TP3,4/29/21,Astrangia poculata,April,,FLD-8-TP3.vsi,14,PP,3.6547,microns,female,1,22.671,13.979,4,,
_FLD-8-TP3_,TP3,4/29/21,Astrangia poculata,April,,FLD-8-TP3.vsi,14,PP,3.6547,microns,female,1,17.031,10.419,4,,
_FLD-8-TP3_,TP3,4/29/21,Astrangia poculata,April,,FLD-8-TP3.vsi,14,PP,3.6547,microns,female,2,45.838,24.765,4,,
_FLD-8-TP3_,TP3,4/29/21,Astrangia poculata,April,,FLD-8-TP3.vsi,14,PP,3.6547,microns,female,2,32.7,20.522,4,,
_FLD-12-TP3_,TP3,4/29/21,Astrangia poculata,April,,FLD-12-TP3.vsi,14,PP,3.6525,microns,NA,0,0,0,0,,
_FLD-13-TP3_,TP3,4/29/21,Astrangia poculata,April,,FLD-13-TP3.vsi,14,PP,3.6547,microns,female,1,23.588,9.854,13,,
_FLD-13-TP3_,TP3,4/29/21,Astrangia poculata,April,,FLD-13-TP3.vsi,14,PP,3.6547,microns,female,1,26.542,12.634,13,,
_FLD-13-TP3_,TP3,4/29/21,Astrangia poculata,April,,FLD-13-TP3.vsi,14,PP,3.6547,microns,female,1,32.106,13.944,13,,
_FLD-13-TP3_,TP3,4/29/21,Astrangia poculata,April,,FLD-13-TP3.vsi,14,PP,3.6547,microns,female,2,32.106,13.944,13,,
_FLD-13-TP3_,TP3,4/29/21,Astrangia poculata,April,,FLD-13-TP3.vsi,14,PP,3.6547,microns,female,2,35.853,24.024,13,,
_FLD-13-TP3_,TP3,4/29/21,Astrangia poculata,April,,FLD-13-TP3.vsi,14,PP,3.6547,microns,female,2,41.816,27.088,13,,
_FLD-13-TP3_,TP3,4/29/21,Astrangia poculata,April,,FLD-13-TP3.vsi,14,PP,3.6547,microns,female,3,55.064,42.418,13,,
_FLD-4-TP3_,TP3,4/29/21,Astrangia poculata,April,,FLD-4-TP3.vsi,14,PP,3.6547,microns,NA,0,0,0,0,,
_FLD-2-TP3_,TP3,4/29/21,Astrangia poculata,April,,FLD-2-TP3.vsi,14,PP,3.6547,microns,NA,0,0,0,0,,
_FLD-3-TP3_,TP3,4/29/21,Astrangia poculata,April,,FLD-3-TP3.vsi,14,PP,3.6547,microns,female,1,21.023,12.15,33,,
_FLD-3-TP3_,TP3,4/29/21,Astrangia poculata,April,,FLD-3-TP3.vsi,14,PP,3.6547,microns,female,1,14.322,8.756,33,,
_FLD-3-TP3_,TP3,4/29/21,Astrangia poculata,April,,FLD-3-TP3.vsi,14,PP,3.6547,microns,female,1,13.007,6.857,33,,
_FLD-3-TP3_,TP3,4/29/21,Astrangia poculata,April,,FLD-3-TP3.vsi,14,PP,3.6547,microns,female,2,38.914,15.67,33,,
_FLD-3-TP3_,TP3,4/29/21,Astrangia poculata,April,,FLD-3-TP3.vsi,14,PP,3.6547,microns,female,2,36.602,15.175,33,,
_FLD-3-TP3_,TP3,4/29/21,Astrangia poculata,April,,FLD-3-TP3.vsi,14,PP,3.6547,microns,female,2,33.666,21.793,33,,
_FLD-3-TP3_,TP3,4/29/21,Astrangia poculata,April,,FLD-3-TP3.vsi,14,PP,3.6547,microns,female,3,61.376,30.191,33,,
_FLD-3-TP3_,TP3,4/29/21,Astrangia poculata,April,,FLD-3-TP3.vsi,14,PP,3.6547,microns,female,3,62.421,24.68,33,,
_FLD-3-TP3_,TP3,4/29/21,Astrangia poculata,April,,FLD-3-TP3.vsi,14,PP,3.6547,microns,female,3,54.888,22.675,33,,
_FLD-9-TP3_,TP3,4/29/21,Astrangia poculata,April,,FLD-9-TP3.vsi,14,PP,3.6547,microns,female,1,27.098,16.33,50,,
_FLD-9-TP3_,TP3,4/29/21,Astrangia poculata,April,,FLD-9-TP3.vsi,14,PP,3.6547,microns,female,1,27.187,12.237,50,,
_FLD-9-TP3_,TP3,4/29/21,Astrangia poculata,April,,FLD-9-TP3.vsi,14,PP,3.6547,microns,female,1,29.835,13.114,50,,
_FLD-9-TP3_,TP3,4/29/21,Astrangia poculata,April,,FLD-9-TP3.vsi,14,PP,3.6547,microns,female,2,44.809,26.274,50,,
_FLD-9-TP3_,TP3,4/29/21,Astrangia poculata,April,,FLD-9-TP3.vsi,14,PP,3.6547,microns,female,2,47.242,35.739,50,,
_FLD-9-TP3_,TP3,4/29/21,Astrangia poculata,April,,FLD-9-TP3.vsi,14,PP,3.6547,microns,female,2,45.288,24.103,50,,
_FLD-9-TP3_,TP3,4/29/21,Astrangia poculata,April,,FLD-9-TP3.vsi,14,PP,3.6547,microns,female,3,57.464,44.409,50,,
_FLD-9-TP3_,TP3,4/29/21,Astrangia poculata,April,,FLD-9-TP3.vsi,14,PP,3.6547,microns,female,3,52.818,39.903,50,,
_FLD-9-TP3_,TP3,4/29/21,Astrangia poculata,April,,FLD-9-TP3.vsi,14,PP,3.6547,microns,female,3,66.237,51.5,50,,
_FLD-1_TP3_,TP3,4/29/21,Astrangia poculata,April,,FLD-1-TP3,22,PP,3.6547,microns,male,1,18.848,10.904,19,,
_FLD-1_TP3_,TP3,4/29/21,Astrangia poculata,April,,FLD-1-TP3,22,PP,3.6547,microns,male,1,19.665,16.069,19,,
_FLD-1_TP3_,TP3,4/29/21,Astrangia poculata,April,,FLD-1-TP3,22,PP,3.6547,microns,male,1,23.181,12.999,19,,
_FLD-1_TP3_,TP3,4/29/21,Astrangia poculata,April,,FLD-1-TP3,22,PP,3.6547,microns,male,2,29.783,22.437,19,,
_FLD-1_TP3_,TP3,4/29/21,Astrangia poculata,April,,FLD-1-TP3,22,PP,3.6547,microns,male,2,38.563,16.153,19,,
_FLD-1_TP3_,TP3,4/29/21,Astrangia poculata,April,,FLD-1-TP3,22,PP,3.6547,microns,male,2,38.435,20.227,19,,
_FLD-5-TP3_,TP3,4/29/21,Astrangia poculata,April,,FLD-5-TP3.vsi,14,PP,3.6547,microns,female,1,19.394,16.96,50,,
_FLD-5-TP3_,TP3,4/29/21,Astrangia poculata,April,,FLD-5-TP3.vsi,14,PP,3.6547,microns,female,1,15.432,12.613,50,,
_FLD-5-TP3_,TP3,4/29/21,Astrangia poculata,April,,FLD-5-TP3.vsi,14,PP,3.6547,microns,female,1,31.365,20.521,50,,
_FLD-5-TP3_,TP3,4/29/21,Astrangia poculata,April,,FLD-5-TP3.vsi,14,PP,3.6547,microns,female,2,42.755,32.473,50,,
_FLD-5-TP3_,TP3,4/29/21,Astrangia poculata,April,,FLD-5-TP3.vsi,14,PP,3.6547,microns,female,2,58.304,32.108,50,,
_FLD-5-TP3_,TP3,4/29/21,Astrangia poculata,April,,FLD-5-TP3.vsi,14,PP,3.6547,microns,female,2,55.095,35.639,50,,
_01FLD-3-TP4_,TP4,6/4/21,Astrangia poculata,June,,01FLD-3-TP4.vsi,14,PP,3.6547,microns,female,1,15.67,13.179,50,,
_01FLD-3-TP4_,TP4,6/4/21,Astrangia poculata,June,,01FLD-3-TP4.vsi,14,PP,3.6547,microns,female,1,12.88,12.051,50,,
_01FLD-3-TP4_,TP4,6/4/21,Astrangia poculata,June,,01FLD-3-TP4.vsi,14,PP,3.6547,microns,female,1,13.145,9.85,50,,
_01FLD-3-TP4_,TP4,6/4/21,Astrangia poculata,June,,01FLD-3-TP4.vsi,14,PP,3.6547,microns,female,2,32.513,15.869,50,,
_01FLD-3-TP4_,TP4,6/4/21,Astrangia poculata,June,,01FLD-3-TP4.vsi,14,PP,3.6547,microns,female,2,25.173,14.228,50,,
_01FLD-3-TP4_,TP4,6/4/21,Astrangia poculata,June,,01FLD-3-TP4.vsi,14,PP,3.6547,microns,female,2,35.202,12.586,50,,
_01FLD-3-TP4_,TP4,6/4/21,Astrangia poculata,June,,01FLD-3-TP4.vsi,14,PP,3.6547,microns,female,3,66.494,36.504,50,,
_01FLD-3-TP4_,TP4,6/4/21,Astrangia poculata,June,,01FLD-3-TP4.vsi,14,PP,3.6547,microns,female,3,46.256,43.573,50,,
_01FLD-3-TP4_,TP4,6/4/21,Astrangia poculata,June,,01FLD-3-TP4.vsi,14,PP,3.6547,microns,female,3,68.881,39.164,50,,
_01FLD-3-TP4_,TP4,6/4/21,Astrangia poculata,June,,01FLD-3-TP4.vsi,14,PP,3.6547,microns,female,4,84.677,49.842,50,,
_01FLD-3-TP4_,TP4,6/4/21,Astrangia poculata,June,,01FLD-3-TP4.vsi,14,PP,3.6547,microns,female,4,85.011,47.567,50,,
_01FLD-3-TP4_,TP4,6/4/21,Astrangia poculata,June,,01FLD-3-TP4.vsi,14,PP,3.6547,microns,female,4,86.034,54.934,50,,
_FLD-1-TP4_,TP4,6/4/21,Astrangia poculata,June,,FLD-1-TP4.vsi,19,PP,3.6547,microns,female,1,23.346,22.998,50,,
_FLD-1-TP4_,TP4,6/4/21,Astrangia poculata,June,,FLD-1-TP4.vsi,19,PP,3.6547,microns,female,1,24.638,19.768,50,,
_FLD-1-TP4_,TP4,6/4/21,Astrangia poculata,June,,FLD-1-TP4.vsi,19,PP,3.6547,microns,female,1,21.546,17.451,50,,
_FLD-1-TP4_,TP4,6/4/21,Astrangia poculata,June,,FLD-1-TP4.vsi,19,PP,3.6547,microns,female,2,34.17,27.074,50,,
_FLD-1-TP4_,TP4,6/4/21,Astrangia poculata,June,,FLD-1-TP4.vsi,19,PP,3.6547,microns,female,2,29.55,28.834,50,,
_FLD-1-TP4_,TP4,6/4/21,Astrangia poculata,June,,FLD-1-TP4.vsi,19,PP,3.6547,microns,female,2,38.819,19.988,50,,
_FLD-1-TP4_,TP4,6/4/21,Astrangia poculata,June,,FLD-1-TP4.vsi,19,PP,3.6547,microns,female,3,63.224,33.843,50,,
_FLD-1-TP4_,TP4,6/4/21,Astrangia poculata,June,,FLD-1-TP4.vsi,19,PP,3.6547,microns,female,3,64.657,33.814,50,,
_FLD-1-TP4_,TP4,6/4/21,Astrangia poculata,June,,FLD-1-TP4.vsi,19,PP,3.6547,microns,female,3,66.202,33.744,50,,
_FLD-1-TP4_,TP4,6/4/21,Astrangia poculata,June,,FLD-1-TP4.vsi,19,PP,3.6547,microns,female,4,92.227,65.707,50,,
_FLD-1-TP4_,TP4,6/4/21,Astrangia poculata,June,,FLD-1-TP4.vsi,19,PP,3.6547,microns,female,4,71.9,44.126,50,,
_FLD-5-TP4_,TP4,6/4/21,Astrangia poculata,June,,Image_FLD_5_TP4_1.vsi,,NOVA,3.6525,microns,female,2,14.549,10.067,39,,
_FLD-5-TP4_,TP4,6/4/21,Astrangia poculata,June,,Image_FLD_5_TP4_1.vsi,,NOVA,3.6525,microns,female,2,23.541,11.511,39,,
_FLD-5-TP4_,TP4,6/4/21,Astrangia poculata,June,,Image_FLD_5_TP4_1.vsi,,NOVA,3.6525,microns,female,2,16.215,14.692,39,,
_FLD-5-TP4_,TP4,6/4/21,Astrangia poculata,June,,Image_FLD_5_TP4_1.vsi,,NOVA,3.6525,microns,female,3,35.754,34.53,39,,
_FLD-5-TP4_,TP4,6/4/21,Astrangia poculata,June,,Image_FLD_5_TP4_1.vsi,,NOVA,3.6525,microns,female,3,33.405,29.532,39,,
_FLD-5-TP4_,TP4,6/4/21,Astrangia poculata,June,,Image_FLD_5_TP4_1.vsi,,NOVA,3.6525,microns,female,3,39.862,36.155,39,,
_FLD-2_TP4_,TP4,6/4/21,Astrangia poculata,June,,Image_training.vsi,14,PP,3.6547,microns,male,2,53.002,46.957,50,,
_FLD-2_TP4_,TP4,6/4/21,Astrangia poculata,June,,Image_training.vsi,14,PP,3.6547,microns,male,2,58.798,39.825,50,,
_FLD-2_TP4_,TP4,6/4/21,Astrangia poculata,June,,Image_training.vsi,14,PP,3.6547,microns,male,2,57.306,43.417,50,,
_FLD-2_TP4_,TP4,6/4/21,Astrangia poculata,June,,Image_training.vsi,14,PP,3.6547,microns,male,3,165.027,90.022,50,,
_FLD-2_TP4_,TP4,6/4/21,Astrangia poculata,June,,Image_training.vsi,14,PP,3.6547,microns,male,3,157.001,81.609,50,,
_FLD-2_TP4_,TP4,6/4/21,Astrangia poculata,June,,Image_training.vsi,14,PP,3.6547,microns,male,3,84.095,72.835,50,,
_FLD-3-TP4_,TP4,6/4/21,Astrangia poculata,June,,FLD-3-TP4.vsi,22,PP,3.6547,microns,male,2,37.567,32.485,50,,
_FLD-3-TP4_,TP4,6/4/21,Astrangia poculata,June,,FLD-3-TP4.vsi,22,PP,3.6547,microns,male,2,40.794,24.265,50,,
_FLD-3-TP4_,TP4,6/4/21,Astrangia poculata,June,,FLD-3-TP4.vsi,22,PP,3.6547,microns,male,2,43.897,25.558,50,,
_FLD-3-TP4_,TP4,6/4/21,Astrangia poculata,June,,FLD-3-TP4.vsi,22,PP,3.6547,microns,male,3,61.537,43.456,50,,
_FLD-3-TP4_,TP4,6/4/21,Astrangia poculata,June,,FLD-3-TP4.vsi,22,PP,3.6547,microns,male,3,59.531,41.272,50,,
_FLD-3-TP4_,TP4,6/4/21,Astrangia poculata,June,,FLD-3-TP4.vsi,22,PP,3.6547,microns,male,3,56.191,52.956,50,,
_AST-FLD-TP4_,TP4,6/4/21,Astrangia poculata,June,,AST-FLD-TP4.vsi,14,PP,3.6547,microns,female,2,21.553,19.319,50,,
_AST-FLD-TP4_,TP4,6/4/21,Astrangia poculata,June,,AST-FLD-TP4.vsi,14,PP,3.6547,microns,female,2,19.542,12.479,50,,
_AST-FLD-TP4_,TP4,6/4/21,Astrangia poculata,June,,AST-FLD-TP4.vsi,14,PP,3.6547,microns,female,2,18.754,10.473,50,,
_AST-FLD-TP4_,TP4,6/4/21,Astrangia poculata,June,,AST-FLD-TP4.vsi,14,PP,3.6547,microns,female,3,41.999,29.496,50,,
_AST-FLD-TP4_,TP4,6/4/21,Astrangia poculata,June,,AST-FLD-TP4.vsi,14,PP,3.6547,microns,female,3,44.667,27.031,50,,
_AST-FLD-TP4_,TP4,6/4/21,Astrangia poculata,June,,AST-FLD-TP4.vsi,14,PP,3.6547,microns,female,3,46.899,38.73,50,,
_AST-FLD-TP4_,TP4,6/4/21,Astrangia poculata,June,,AST-FLD-TP4.vsi,14,PP,3.6547,microns,female,4,66.305,44.109,50,,
_AST-FLD-TP4_,TP4,6/4/21,Astrangia poculata,June,,AST-FLD-TP4.vsi,14,PP,3.6547,microns,female,4,59.995,37.469,50,,
_AST-FLD-TP4_,TP4,6/4/21,Astrangia poculata,June,,AST-FLD-TP4.vsi,14,PP,3.6547,microns,female,4,57.758,44.659,50,,
_FLD-4-TP4-1_,TP4-1,6/4/21,Astrangia poculata,June,,Image_FLD_4_TP4.vsi,14,NOVA,7.3049,microns,female,2,24.381,24.207,50,"labelled just FLD_4_TP4, there was no 1 and 2 from NOVA",
_FLD-4-TP4-1_,TP4-1,6/4/21,Astrangia poculata,June,,Image_FLD_4_TP4.vsi,14,NOVA,7.3049,microns,female,2,26.124,19.284,50,,
_FLD-4-TP4-1_,TP4-1,6/4/21,Astrangia poculata,June,,Image_FLD_4_TP4.vsi,14,NOVA,7.3049,microns,female,2,20.884,17.021,50,,
_FLD-4-TP4-1_,TP4-1,6/4/21,Astrangia poculata,June,,Image_FLD_4_TP4.vsi,14,NOVA,7.3049,microns,female,3,58.564,33.115,50,,
_FLD-4-TP4-1_,TP4-1,6/4/21,Astrangia poculata,June,,Image_FLD_4_TP4.vsi,14,NOVA,7.3049,microns,female,3,44.942,22.822,50,,
_FLD-4-TP4-1_,TP4-1,6/4/21,Astrangia poculata,June,,Image_FLD_4_TP4.vsi,14,NOVA,7.3049,microns,female,3,47.719,31.276,50,,
_FLD-6-TP4-1_,TP4-1,6/4/21,Astrangia poculata,June,,Image_FLD_6_TP4.vsi,14,NOVA,7.3049,microns,female,1,6.184,4.143,50,,
_FLD-6-TP4-1_,TP4-1,6/4/21,Astrangia poculata,June,,Image_FLD_6_TP4.vsi,14,NOVA,7.3049,microns,female,1,8.89,7.276,50,,
_FLD-6-TP4-1_,TP4-1,6/4/21,Astrangia poculata,June,,Image_FLD_6_TP4.vsi,14,NOVA,7.3049,microns,female,1,11.967,8.697,50,,
_FLD-6-TP4-1_,TP4-1,6/4/21,Astrangia poculata,June,,Image_FLD_6_TP4.vsi,14,NOVA,7.3049,microns,female,2,31.835,16.811,50,,
_FLD-6-TP4-1_,TP4-1,6/4/21,Astrangia poculata,June,,Image_FLD_6_TP4.vsi,14,NOVA,7.3049,microns,female,2,32.423,18.088,50,,
_FLD-6-TP4-1_,TP4-1,6/4/21,Astrangia poculata,June,,Image_FLD_6_TP4.vsi,14,NOVA,7.3049,microns,female,2,27.76,14.456,50,,
_FLD-6-TP4-1_,TP4-1,6/4/21,Astrangia poculata,June,,Image_FLD_6_TP4.vsi,14,NOVA,7.3049,microns,female,3,47.042,27.549,50,,
_FLD-6-TP4-1_,TP4-1,6/4/21,Astrangia poculata,June,,Image_FLD_6_TP4.vsi,14,NOVA,7.3049,microns,female,3,46.063,29.631,50,,
_FLD-6-TP4-1_,TP4-1,6/4/21,Astrangia poculata,June,,Image_FLD_6_TP4.vsi,14,NOVA,7.3049,microns,female,3,45.291,44.849,50,,
_FLD-11-TP5_,TP5,6/26/21,Astrangia poculata,June,,01FLD-11-TP5.vsi,,PP,3.6525,microns,male,2,33.061,33.382,50,,
_FLD-11-TP5_,TP5,6/26/21,Astrangia poculata,June,,01FLD-11-TP5.vsi,,PP,3.6525,microns,male,2,31.267,27.888,50,,
_FLD-11-TP5_,TP5,6/26/21,Astrangia poculata,June,,01FLD-11-TP5.vsi,,PP,3.6525,microns,male,2,37.156,20.04,50,,
_FLD-11-TP5_,TP5,6/26/21,Astrangia poculata,June,,01FLD-11-TP5.vsi,,PP,3.6525,microns,male,3,82.581,49.971,50,,
_FLD-11-TP5_,TP5,6/26/21,Astrangia poculata,June,,01FLD-11-TP5.vsi,,PP,3.6525,microns,male,3,72.742,45.534,50,,
_FLD-11-TP5_,TP5,6/26/21,Astrangia poculata,June,,01FLD-11-TP5.vsi,,PP,3.6525,microns,male,3,67.49,55.729,50,,
_FLD-11-TP5_,TP5,6/26/21,Astrangia poculata,June,,01FLD-11-TP5.vsi,,PP,3.6525,microns,male,4,115.976,43.768,50,,
_FLD-11-TP5_,TP5,6/26/21,Astrangia poculata,June,,01FLD-11-TP5.vsi,,PP,3.6525,microns,male,4,92.145,48.812,50,,
_FLD-11-TP5_,TP5,6/26/21,Astrangia poculata,June,,01FLD-11-TP5.vsi,,PP,3.6525,microns,male,4,82.552,48.991,50,,
_FLD-1_TP5_,TP5,6/26/21,Astrangia poculata,June,,Image_04.vsi,20,PP,3.6525,microns,NA,0,0,0,0,,
_FLD-2_TP5_,TP5,6/26/21,Astrangia poculata,June,,Image.vsi,44,PP,3.6547,microns,male,3,58.455,41.62,50,,
_FLD-2_TP5_,TP5,6/26/21,Astrangia poculata,June,,Image.vsi,44,PP,3.6547,microns,male,3,48.134,38.308,50,,
_FLD-2_TP5_,TP5,6/26/21,Astrangia poculata,June,,Image.vsi,44,PP,3.6547,microns,male,3,49.686,30.141,50,,
_FLD-2_TP5_,TP5,6/26/21,Astrangia poculata,June,,Image.vsi,44,PP,3.6547,microns,male,4,99.598,46.668,50,,
_FLD-2_TP5_,TP5,6/26/21,Astrangia poculata,June,,Image.vsi,44,PP,3.6547,microns,male,4,122.15,39.458,50,,
_FLD-2_TP5_,TP5,6/26/21,Astrangia poculata,June,,Image.vsi,44,PP,3.6547,microns,male,4,94.062,51.992,50,,
_FLD-10-TP5_,TP5,6/26/21,Astrangia poculata,June,,FLD-10-TP5.vsi,14,PP,3.6525,microns,female,2,43.777,16.562,50,,
_FLD-10-TP5_,TP5,6/26/21,Astrangia poculata,June,,FLD-10-TP5.vsi,14,PP,3.6525,microns,female,2,21.124,13.549,50,,
_FLD-10-TP5_,TP5,6/26/21,Astrangia poculata,June,,FLD-10-TP5.vsi,14,PP,3.6525,microns,female,2,28.916,16.463,50,,
_FLD-10-TP5_,TP5,6/26/21,Astrangia poculata,June,,FLD-10-TP5.vsi,14,PP,3.6525,microns,female,3,57.574,33.129,50,,
_FLD-10-TP5_,TP5,6/26/21,Astrangia poculata,June,,FLD-10-TP5.vsi,14,PP,3.6525,microns,female,3,35.066,33.129,50,,
_FLD-10-TP5_,TP5,6/26/21,Astrangia poculata,June,,FLD-10-TP5.vsi,14,PP,3.6525,microns,female,3,45.615,28.54,50,,
_FLD-10-TP5_,TP5,6/26/21,Astrangia poculata,June,,FLD-10-TP5.vsi,14,PP,3.6525,microns,female,4,98.923,60.553,50,,
_FLD-10-TP5_,TP5,6/26/21,Astrangia poculata,June,,FLD-10-TP5.vsi,14,PP,3.6525,microns,female,4,95.846,64.611,50,,
_FLD-10-TP5_,TP5,6/26/21,Astrangia poculata,June,,FLD-10-TP5.vsi,14,PP,3.6525,microns,female,4,124.494,36.767,50,,
_FLD-3-TP5_,TP5,6/26/21,Astrangia poculata,June,,FLD-3-TP5.vsi,26,PP,3.6547,microns,male,2,35.733,21.116,50,,
_FLD-3-TP5_,TP5,6/26/21,Astrangia poculata,June,,FLD-3-TP5.vsi,26,PP,3.6547,microns,male,2,33.242,18.19,50,,
_FLD-3-TP5_,TP5,6/26/21,Astrangia poculata,June,,FLD-3-TP5.vsi,26,PP,3.6547,microns,male,2,28.671,24.963,50,,
_FLD-3-TP5_,TP5,6/26/21,Astrangia poculata,June,,FLD-3-TP5.vsi,26,PP,3.6547,microns,male,3,101.848,46.528,50,,
_FLD-3-TP5_,TP5,6/26/21,Astrangia poculata,June,,FLD-3-TP5.vsi,26,PP,3.6547,microns,male,3,95.356,44.786,50,,
_FLD-3-TP5_,TP5,6/26/21,Astrangia poculata,June,,FLD-3-TP5.vsi,26,PP,3.6547,microns,male,3,88.618,46.321,50,,
_FLD-3-TP5_,TP5,6/26/21,Astrangia poculata,June,,FLD-3-TP5.vsi,26,PP,3.6547,microns,male,4,147.7,19.717,50,,
_FLD-3-TP5_,TP5,6/26/21,Astrangia poculata,June,,FLD-3-TP5.vsi,26,PP,3.6547,microns,male,4,101.402,43.901,50,,
_FLD-3-TP5_,TP5,6/26/21,Astrangia poculata,June,,FLD-3-TP5.vsi,26,PP,3.6547,microns,male,4,234.214,55.57,50,,
_FLD-7-TP5_,TP5,6/26/21,Astrangia poculata,June,,FLD-7-TP5.vsi,14,PP,3.6547,microns,female,2,36.36,19.481,9,,
_FLD-7-TP5_,TP5,6/26/21,Astrangia poculata,June,,FLD-7-TP5.vsi,14,PP,3.6547,microns,female,2,26.911,16.181,9,,
_FLD-7-TP5_,TP5,6/26/21,Astrangia poculata,June,,FLD-7-TP5.vsi,14,PP,3.6547,microns,female,2,49.517,23.316,9,,
_FLD-6-TP5_,TP5,6/26/21,Astrangia poculata,June,,FLD-6-TP5.vsi,14,PP,3.6547,microns,female,2,56.581,22.991,50,,
_FLD-6-TP5_,TP5,6/26/21,Astrangia poculata,June,,FLD-6-TP5.vsi,14,PP,3.6547,microns,female,2,61.608,16.742,50,,
_FLD-6-TP5_,TP5,6/26/21,Astrangia poculata,June,,FLD-6-TP5.vsi,14,PP,3.6547,microns,female,2,47.948,25.831,50,,
_FLD-6-TP5_,TP5,6/26/21,Astrangia poculata,June,,FLD-6-TP5.vsi,14,PP,3.6547,microns,female,3,83.246,39.511,50,,
_FLD-6-TP5_,TP5,6/26/21,Astrangia poculata,June,,FLD-6-TP5.vsi,14,PP,3.6547,microns,female,3,62.388,50.894,50,,
_FLD-6-TP5_,TP5,6/26/21,Astrangia poculata,June,,FLD-6-TP5.vsi,14,PP,3.6547,microns,female,3,63.05,46.435,50,,
_FLD-6-TP5_,TP5,6/26/21,Astrangia poculata,June,,FLD-6-TP5.vsi,14,PP,3.6547,microns,female,4,101.784,62.167,50,,
_FLD-6-TP5_,TP5,6/26/21,Astrangia poculata,June,,FLD-6-TP5.vsi,14,PP,3.6547,microns,female,4,129.365,62.222,50,,
_FLD-6-TP5_,TP5,6/26/21,Astrangia poculata,June,,FLD-6-TP5.vsi,14,PP,3.6547,microns,female,4,95.711,52.904,50,,
_FLD-TP5_,TP5,6/26/21,Astrangia poculata,June,,FLD-TP5.vsi,14,PP,3.6547,microns,NA,0,0,0,0,,
_FLD-4-TP5_,TP5,6/26/21,Astrangia poculata,June,,FLD-4-TP5.vsi,14,PP,3.6547,microns,female,2,52.256,17.499,50,,
_FLD-4-TP5_,TP5,6/26/21,Astrangia poculata,June,,FLD-4-TP5.vsi,14,PP,3.6547,microns,female,2,53.049,22.337,50,,
_FLD-4-TP5_,TP5,6/26/21,Astrangia poculata,June,,FLD-4-TP5.vsi,14,PP,3.6547,microns,female,2,40.941,20.181,50,,
_FLD-4-TP5_,TP5,6/26/21,Astrangia poculata,June,,FLD-4-TP5.vsi,14,PP,3.6547,microns,female,3,63.849,49.627,50,,
_FLD-4-TP5_,TP5,6/26/21,Astrangia poculata,June,,FLD-4-TP5.vsi,14,PP,3.6547,microns,female,3,66.469,40.039,50,,
_FLD-4-TP5_,TP5,6/26/21,Astrangia poculata,June,,FLD-4-TP5.vsi,14,PP,3.6547,microns,female,3,78.464,45.888,50,,
_FLD-4-TP5_,TP5,6/26/21,Astrangia poculata,June,,FLD-4-TP5.vsi,14,PP,3.6547,microns,female,4,93.279,56.681,50,,
_FLD-4-TP5_,TP5,6/26/21,Astrangia poculata,June,,FLD-4-TP5.vsi,14,PP,3.6547,microns,female,4,103.926,78.974,50,,
_FLD-4-TP5_,TP5,6/26/21,Astrangia poculata,June,,FLD-4-TP5.vsi,14,PP,3.6547,microns,female,4,109.941,73.663,50,,
_FLD-5-TP5_,TP5,6/26/21,Astrangia poculata,June,,FLD-5-TP5.vsi,14,PP,3.6547,microns,female,2,41.677,29.47,50,,
_FLD-5-TP5_,TP5,6/26/21,Astrangia poculata,June,,FLD-5-TP5.vsi,14,PP,3.6547,microns,female,2,52.955,29.47,50,,
_FLD-5-TP5_,TP5,6/26/21,Astrangia poculata,June,,FLD-5-TP5.vsi,14,PP,3.6547,microns,female,2,40.511,28.478,50,,
_FLD-5-TP5_,TP5,6/26/21,Astrangia poculata,June,,FLD-5-TP5.vsi,14,PP,3.6547,microns,female,3,73.167,58.94,50,,
_FLD-5-TP5_,TP5,6/26/21,Astrangia poculata,June,,FLD-5-TP5.vsi,14,PP,3.6547,microns,female,3,71.645,64.907,50,,
_FLD-5-TP5_,TP5,6/26/21,Astrangia poculata,June,,FLD-5-TP5.vsi,14,PP,3.6547,microns,female,3,92.378,54.351,50,,
_FLD-5-TP5_,TP5,6/26/21,Astrangia poculata,June,,FLD-5-TP5.vsi,14,PP,3.6547,microns,female,4,112.907,73.387,50,,
_FLD-5-TP5_,TP5,6/26/21,Astrangia poculata,June,,FLD-5-TP5.vsi,14,PP,3.6547,microns,female,4,136.6,78.016,50,,
_FLD-5-TP5_,TP5,6/26/21,Astrangia poculata,June,,FLD-5-TP5.vsi,14,PP,3.6547,microns,female,4,112.156,48.455,50,,
_FLD-4-TP6_,TP6,7/24/21,Astrangia poculata,July,,FLD-4-TP6.vsi,14,PP,3.6547,microns,male,2,37.07,26.415,50,,
_FLD-4-TP6_,TP6,7/24/21,Astrangia poculata,July,,FLD-4-TP6.vsi,14,PP,3.6547,microns,male,2,53.015,39.602,50,,
_FLD-4-TP6_,TP6,7/24/21,Astrangia poculata,July,,FLD-4-TP6.vsi,14,PP,3.6547,microns,male,2,46.514,35.709,50,,
_FLD-4-TP6_,TP6,7/24/21,Astrangia poculata,July,,FLD-4-TP6.vsi,14,PP,3.6547,microns,male,3,101.524,58.51,50,,
_FLD-4-TP6_,TP6,7/24/21,Astrangia poculata,July,,FLD-4-TP6.vsi,14,PP,3.6547,microns,male,3,116.427,55.444,50,,
_FLD-4-TP6_,TP6,7/24/21,Astrangia poculata,July,,FLD-4-TP6.vsi,14,PP,3.6547,microns,male,3,146.581,54.338,50,,
_FLD-4-TP6_,TP6,7/24/21,Astrangia poculata,July,,FLD-4-TP6.vsi,14,PP,3.6547,microns,male,4,158.909,53.461,50,,
_FLD-4-TP6_,TP6,7/24/21,Astrangia poculata,July,,FLD-4-TP6.vsi,14,PP,3.6547,microns,male,4,125.409,38.306,50,,
_FLD-4-TP6_,TP6,7/24/21,Astrangia poculata,July,,FLD-4-TP6.vsi,14,PP,3.6547,microns,male,4,126.543,55.403,50,,
_FLD-4-TP6_,TP6,7/24/21,Astrangia poculata,July,,FLD-4-TP6.vsi,14,PP,3.6547,microns,male,5,187.918,59.758,50,,
_FLD-2-TP6_,TP6,7/24/21,Astrangia poculata,July,,FLD-2-TP6.vsi,14,PP,3.6547,microns,female,3,89.852,53.494,50,,
_FLD-2-TP6_,TP6,7/24/21,Astrangia poculata,July,,FLD-2-TP6.vsi,14,PP,3.6547,microns,female,3,93.856,67.697,50,,
_FLD-2-TP6_,TP6,7/24/21,Astrangia poculata,July,,FLD-2-TP6.vsi,14,PP,3.6547,microns,female,3,81.211,47.969,50,,
_FLD-2-TP6_,TP6,7/24/21,Astrangia poculata,July,,FLD-2-TP6.vsi,14,PP,3.6547,microns,female,4,110.199,84.45,50,,
_FLD-2-TP6_,TP6,7/24/21,Astrangia poculata,July,,FLD-2-TP6.vsi,14,PP,3.6547,microns,female,4,113.872,72.151,50,,
_FLD-2-TP6_,TP6,7/24/21,Astrangia poculata,July,,FLD-2-TP6.vsi,14,PP,3.6547,microns,female,4,113.844,77.111,50,,
_FLD-1-TP6_,TP6,7/24/21,Astrangia poculata,July,,FLD-1-TP6.vsi,14,PP,3.6547,microns,female,1,28.494,22.178,50,,
_FLD-1-TP6_,TP6,7/24/21,Astrangia poculata,July,,FLD-1-TP6.vsi,14,PP,3.6547,microns,female,1,20.57,13.463,50,,
_FLD-1-TP6_,TP6,7/24/21,Astrangia poculata,July,,FLD-1-TP6.vsi,14,PP,3.6547,microns,female,2,30.812,19.768,50,,
_FLD-1-TP6_,TP6,7/24/21,Astrangia poculata,July,,FLD-1-TP6.vsi,14,PP,3.6547,microns,female,2,40.019,23.173,50,,
_FLD-1-TP6_,TP6,7/24/21,Astrangia poculata,July,,FLD-1-TP6.vsi,14,PP,3.6547,microns,female,2,41.042,25.059,50,,
_FLD-1-TP6_,TP6,7/24/21,Astrangia poculata,July,,FLD-1-TP6.vsi,14,PP,3.6547,microns,female,3,95.443,62.919,50,,
_FLD-1-TP6_,TP6,7/24/21,Astrangia poculata,July,,FLD-1-TP6.vsi,14,PP,3.6547,microns,female,3,102.675,63.261,50,,
_FLD-1-TP6_,TP6,7/24/21,Astrangia poculata,July,,FLD-1-TP6.vsi,14,PP,3.6547,microns,female,3,100.86,64.429,50,,
_FLD-1-TP6_,TP6,7/24/21,Astrangia poculata,July,,FLD-1-TP6.vsi,14,PP,3.6547,microns,female,4,145.038,91.937,50,,
_FLD-1-TP6_,TP6,7/24/21,Astrangia poculata,July,,FLD-1-TP6.vsi,14,PP,3.6547,microns,female,4,119.676,65.24,50,,
_FLD-1-TP6_,TP6,7/24/21,Astrangia poculata,July,,FLD-1-TP6.vsi,14,PP,3.6547,microns,female,4,121.32,78.638,50,,
_FLD-5-TP6_,TP6,7/24/21,Astrangia poculata,July,,FLD-5-TP6.vsi,14,PP,3.6547,microns,female,3,93.672,62.92,50,,
_FLD-5-TP6_,TP6,7/24/21,Astrangia poculata,July,,FLD-5-TP6.vsi,14,PP,3.6547,microns,female,3,97.948,62.317,50,,
_FLD-5-TP6_,TP6,7/24/21,Astrangia poculata,July,,FLD-5-TP6.vsi,14,PP,3.6547,microns,female,3,117.985,90.814,50,,
_FLD-5-TP6_,TP6,7/24/21,Astrangia poculata,July,,FLD-5-TP6.vsi,14,PP,3.6547,microns,female,4,135.1,102.903,50,,
_FLD-5-TP6_,TP6,7/24/21,Astrangia poculata,July,,FLD-5-TP6.vsi,14,PP,3.6547,microns,female,4,167.343,100.815,50,,
_FLD-5-TP6_,TP6,7/24/21,Astrangia poculata,July,,FLD-5-TP6.vsi,14,PP,3.6547,microns,female,4,132.328,66.769,50,,
_FLD-3_TP6_,TP6,7/24/21,Astrangia poculata,July,,FLD-3_TP6.vsi,14,PP,3.6547,microns,male,3,186.076,70.627,50,,
_FLD-3_TP6_,TP6,7/24/21,Astrangia poculata,July,,FLD-3_TP6.vsi,14,PP,3.6547,microns,male,3,143.089,62.08,50,,
_FLD-3_TP6_,TP6,7/24/21,Astrangia poculata,July,,FLD-3_TP6.vsi,14,PP,3.6547,microns,male,3,146.072,66.399,50,,
_FLD-3_TP6_,TP6,7/24/21,Astrangia poculata,July,,FLD-3_TP6.vsi,14,PP,3.6547,microns,male,4,164.84,63.073,50,,
_FLD-3_TP6_,TP6,7/24/21,Astrangia poculata,July,,FLD-3_TP6.vsi,14,PP,3.6547,microns,male,4,135.174,64.052,50,,
_FLD-3_TP6_,TP6,7/24/21,Astrangia poculata,July,,FLD-3_TP6.vsi,14,PP,3.6547,microns,male,4,162.068,94.196,50,,
_FLD-3_TP6_,TP6,7/24/21,Astrangia poculata,July,,FLD-3_TP6.vsi,14,PP,3.6547,microns,male,5,166.42,69.127,50,,
_FLD-3_TP6_,TP6,7/24/21,Astrangia poculata,July,,FLD-3_TP6.vsi,14,PP,3.6547,microns,male,5,155.949,84.813,50,,
_FLD-3_TP6_,TP6,7/24/21,Astrangia poculata,July,,FLD-3_TP6.vsi,14,PP,3.6547,microns,male,5,145.715,43.318,50,,
_FLD-2-TP6_,TP6,7/24/21,Astrangia poculata,July,,FLD-2-TP6.vsi,14,PP,3.6547,microns,female,3,72.342,47.252,50,,
_FLD-2-TP6_,TP6,7/24/21,Astrangia poculata,July,,FLD-2-TP6.vsi,14,PP,3.6547,microns,female,3,67.199,48.86,50,,
_FLD-2-TP6_,TP6,7/24/21,Astrangia poculata,July,,FLD-2-TP6.vsi,14,PP,3.6547,microns,female,3,73.264,56.276,50,,
_FLD-2-TP6_,TP6,7/24/21,Astrangia poculata,July,,FLD-2-TP6.vsi,14,PP,3.6547,microns,female,4,102.214,85.001,50,,
_FLD-2-TP6_,TP6,7/24/21,Astrangia poculata,July,,FLD-2-TP6.vsi,14,PP,3.6547,microns,female,4,102.599,72.573,50,,
_FLD-2-TP6_,TP6,7/24/21,Astrangia poculata,July,,FLD-2-TP6.vsi,14,PP,3.6547,microns,female,4,100.26,67.998,50,,
_FLD-2-TP6_,TP6,7/24/21,Astrangia poculata,July,,FLD-2-TP6.vsi,14,PP,3.6547,microns,female,5,117,95.568,50,,
_FLD-2-TP6_,TP6,7/24/21,Astrangia poculata,July,,FLD-2-TP6.vsi,14,PP,3.6547,microns,female,5,117.672,93.389,50,,
_FLD-1-TP7_,TP7,9/2/21,Astrangia poculata,September,,FLD-1-TP7.vsi,14,PP,3.6547,microns,male,3,135.331,60.754,50,,
_FLD-1-TP7_,TP7,9/2/21,Astrangia poculata,September,,FLD-1-TP7.vsi,14,PP,3.6547,microns,male,3,155.518,64.465,50,,
_FLD-1-TP7_,TP7,9/2/21,Astrangia poculata,September,,FLD-1-TP7.vsi,14,PP,3.6547,microns,male,3,108.504,38.762,50,,
_FLD-1-TP7_,TP7,9/2/21,Astrangia poculata,September,,FLD-1-TP7.vsi,14,PP,3.6547,microns,male,4,193.611,84.751,50,,
_FLD-1-TP7_,TP7,9/2/21,Astrangia poculata,September,,FLD-1-TP7.vsi,14,PP,3.6547,microns,male,4,157.98,37.248,50,,
_FLD-1-TP7_,TP7,9/2/21,Astrangia poculata,September,,FLD-1-TP7.vsi,14,PP,3.6547,microns,male,4,146.204,59.307,50,,
_FLD-1-TP7_,TP7,9/2/21,Astrangia poculata,September,,FLD-1-TP7.vsi,14,PP,3.6547,microns,male,5,91.466,46.326,50,,
_FLD-1-TP7_,TP7,9/2/21,Astrangia poculata,September,,FLD-1-TP7.vsi,14,PP,3.6547,microns,male,5,197.91,109.286,50,,
_FLD-1-TP7_,TP7,9/2/21,Astrangia poculata,September,,FLD-1-TP7.vsi,14,PP,3.6547,microns,male,5,108.692,54.233,50,,
_FLD-2-TP7_,TP7,9/2/21,Astrangia poculata,September,,FLD-2-TP7.vsi,14,PP,3.6547,microns,male,2,31.418,14.136,50,,
_FLD-2-TP7_,TP7,9/2/21,Astrangia poculata,September,,FLD-2-TP7.vsi,14,PP,3.6547,microns,male,2,48.082,23.333,50,,
_FLD-2-TP7_,TP7,9/2/21,Astrangia poculata,September,,FLD-2-TP7.vsi,14,PP,3.6547,microns,male,2,25.155,23.45,50,,
_FLD-2-TP7_,TP7,9/2/21,Astrangia poculata,September,,FLD-2-TP7.vsi,14,PP,3.6547,microns,male,3,68.319,58.89,50,,
_FLD-2-TP7_,TP7,9/2/21,Astrangia poculata,September,,FLD-2-TP7.vsi,14,PP,3.6547,microns,male,3,75.869,59.087,50,,
_FLD-2-TP7_,TP7,9/2/21,Astrangia poculata,September,,FLD-2-TP7.vsi,14,PP,3.6547,microns,male,3,101.256,70.931,50,,
_FLD-2-TP7_,TP7,9/2/21,Astrangia poculata,September,,FLD-2-TP7.vsi,14,PP,3.6547,microns,male,4,75.866,34.144,50,,
_FLD-2-TP7_,TP7,9/2/21,Astrangia poculata,September,,FLD-2-TP7.vsi,14,PP,3.6547,microns,male,4,72.987,37.312,50,,
_FLD-2-TP7_,TP7,9/2/21,Astrangia poculata,September,,FLD-2-TP7.vsi,14,PP,3.6547,microns,male,4,62.845,41.662,50,,
_FLD-2-TP7_,TP7,9/2/21,Astrangia poculata,September,,FLD-2-TP7.vsi,14,PP,3.6547,microns,male,5,81.194,52.033,50,,
_FLD-3-TP7_,TP7,9/2/21,Astrangia poculata,September,,Image_FLD_3-_TP7.vsi,20,NOVA,7.3049,microns,NA,0,0,0,0,,
_FLD-4-TP7_,TP7,9/2/21,Astrangia poculata,September,,Image_FLD_3-_TP7.vsi,22,NOVA,7.3049,microns,NA,0,0,0,0,,
_FLD-5-TP7_,TP7,9/2/21,Astrangia poculata,September,,FLD-5-TP7.vsi,14,PP,3.6547,microns,female,1,25.65,13.952,50,,
_FLD-5-TP7_,TP7,9/2/21,Astrangia poculata,September,,FLD-5-TP7.vsi,14,PP,3.6547,microns,female,1,27.688,18.355,50,,
_FLD-5-TP7_,TP7,9/2/21,Astrangia poculata,September,,FLD-5-TP7.vsi,14,PP,3.6547,microns,female,1,29.173,20.838,50,,
_FLD-5-TP7_,TP7,9/2/21,Astrangia poculata,September,,FLD-5-TP7.vsi,14,PP,3.6547,microns,female,2,54.868,36.134,50,,
_FLD-5-TP7_,TP7,9/2/21,Astrangia poculata,September,,FLD-5-TP7.vsi,14,PP,3.6547,microns,female,2,48.233,25.773,50,,
_FLD-5-TP7_,TP7,9/2/21,Astrangia poculata,September,,FLD-5-TP7.vsi,14,PP,3.6547,microns,female,2,42.225,25.179,50,,
_FLD-5-TP7_,TP7,9/2/21,Astrangia poculata,September,,FLD-5-TP7.vsi,14,PP,3.6547,microns,female,3,67.432,42.81,50,,
_FLD-5-TP7_,TP7,9/2/21,Astrangia poculata,September,,FLD-5-TP7.vsi,14,PP,3.6547,microns,female,3,92.233,61.798,50,,
_FLD-5-TP7_,TP7,9/2/21,Astrangia poculata,September,,FLD-5-TP7.vsi,14,PP,3.6547,microns,female,3,84.738,61.952,50,,
_FLD-5-TP7_,TP7,9/2/21,Astrangia poculata,September,,FLD-5-TP7.vsi,14,PP,3.6547,microns,female,4,127.445,68.107,50,,
_FLD-5-TP7_,TP7,9/2/21,Astrangia poculata,September,,FLD-5-TP7.vsi,14,PP,3.6547,microns,female,4,129.955,78.948,50,,
_FLD-5-TP7_,TP7,9/2/21,Astrangia poculata,September,,FLD-5-TP7.vsi,14,PP,3.6547,microns,female,4,121.243,45.792,50,,
_FLD-6-TP7_,TP7,9/2/21,Astrangia poculata,September,,FLD-6-TP7.vsi,14,PP,3.6547,microns,male,1,20.811,17.647,50,,
_FLD-6-TP7_,TP7,9/2/21,Astrangia poculata,September,,FLD-6-TP7.vsi,14,PP,3.6547,microns,male,1,28.283,19.48,50,,
_FLD-6-TP7_,TP7,9/2/21,Astrangia poculata,September,,FLD-6-TP7.vsi,14,PP,3.6547,microns,male,1,26.051,25.54,50,,
_FLD-6-TP7_,TP7,9/2/21,Astrangia poculata,September,,FLD-6-TP7.vsi,14,PP,3.6547,microns,male,2,46.794,34.206,50,,
_FLD-6-TP7_,TP7,9/2/21,Astrangia poculata,September,,FLD-6-TP7.vsi,14,PP,3.6547,microns,male,2,56.277,22.311,50,,
_FLD-6-TP7_,TP7,9/2/21,Astrangia poculata,September,,FLD-6-TP7.vsi,14,PP,3.6547,microns,male,2,34.14,19.372,50,,
_FLD-6-TP7_,TP7,9/2/21,Astrangia poculata,September,,FLD-6-TP7.vsi,14,PP,3.6547,microns,male,3,70.154,42.907,50,,
_FLD-6-TP7_,TP7,9/2/21,Astrangia poculata,September,,FLD-6-TP7.vsi,14,PP,3.6547,microns,male,3,75.768,33.646,50,,
_FLD-6-TP7_,TP7,9/2/21,Astrangia poculata,September,,FLD-6-TP7.vsi,14,PP,3.6547,microns,male,3,69.362,41.388,50,,
_FLD-6-TP7_,TP7,9/2/21,Astrangia poculata,September,,FLD-6-TP7.vsi,14,PP,3.6547,microns,male,4,66.492,26.92,50,,
_FLD-6-TP7_,TP7,9/2/21,Astrangia poculata,September,,FLD-6-TP7.vsi,14,PP,3.6547,microns,male,4,53.756,23.094,50,,
_FLD-6-TP7_,TP7,9/2/21,Astrangia poculata,September,,FLD-6-TP7.vsi,14,PP,3.6547,microns,male,4,48.448,29.103,50,,
_FLD-6-TP7_,TP7,9/2/21,Astrangia poculata,September,,FLD-6-TP7.vsi,14,PP,3.6547,microns,male,5,67.404,32.23,50,,
_FLD-7-TP7_,TP7,9/2/21,Astrangia poculata,September,,FLD-7-TP7.vsi,14,PP,3.6547,microns,NA,0,0,0,0,,
_FLD-8-TP7_,TP7,9/2/21,Astrangia poculata,September,,FLD-8-TP7.vsi,14,PP,3.6547,microns,male,3,72.703,36.222,50,,
_FLD-8-TP7_,TP7,9/2/21,Astrangia poculata,September,,FLD-8-TP7.vsi,14,PP,3.6547,microns,male,3,55.991,43.869,50,,
_FLD-8-TP7_,TP7,9/2/21,Astrangia poculata,September,,FLD-8-TP7.vsi,14,PP,3.6547,microns,male,3,97.646,50.495,50,,
_FLD-8-TP7_,TP7,9/2/21,Astrangia poculata,September,,FLD-8-TP7.vsi,14,PP,3.6547,microns,male,4,77.778,38.299,50,,
_FLD-8-TP7_,TP7,9/2/21,Astrangia poculata,September,,FLD-8-TP7.vsi,14,PP,3.6547,microns,male,4,78.187,23.575,50,,
_FLD-8-TP7_,TP7,9/2/21,Astrangia poculata,September,,FLD-8-TP7.vsi,14,PP,3.6547,microns,male,4,96.887,59.397,50,,
_FLD-8-TP7_,TP7,9/2/21,Astrangia poculata,September,,FLD-8-TP7.vsi,14,PP,3.6547,microns,male,5,88.839,31.655,50,,
_FLD-8-TP7_,TP7,9/2/21,Astrangia poculata,September,,FLD-8-TP7.vsi,14,PP,3.6547,microns,male,5,58.24,29.835,50,,
_FLD-8-TP7_,TP7,9/2/21,Astrangia poculata,September,,FLD-8-TP7.vsi,14,PP,3.6547,microns,male,5,92.268,34.87,50,,
_FLD-9-TP7_,TP7,9/2/21,Astrangia poculata,September,,Image_FLD_9_TP7_1.vsi,14,NOVA,3.6525,microns,female,4,52.341,36.11,10,,
_FLD-9-TP7_,TP7,9/2/21,Astrangia poculata,September,,Image_FLD_9_TP7_1.vsi,14,NOVA,3.6525,microns,female,4,55.133,32.209,10,,
_FLD-9-TP7_,TP7,9/2/21,Astrangia poculata,September,,Image_FLD_9_TP7_1.vsi,14,NOVA,3.6525,microns,female,4,54.891,27.559,10,,
_FLD-9-TP7_,TP7,9/2/21,Astrangia poculata,September,,Image_FLD_9_TP7_1.vsi,14,NOVA,3.6525,microns,female,5,78.523,47.666,10,,
_FLD-9-TP7_,TP7,9/2/21,Astrangia poculata,September,,Image_FLD_9_TP7_1.vsi,14,NOVA,3.6525,microns,female,5,65.876,35.672,10,,
_FLD-9-TP7_,TP7,9/2/21,Astrangia poculata,September,,Image_FLD_9_TP7_1.vsi,14,NOVA,3.6525,microns,female,5,76.205,50.644,10,,